journals/sigmod/Mackay99,309852
conf/vldb/PoosalaI96,673321
conf/vldb/GardarinGT96,673484
conf/vldb/HoelS95,673135
conf/sigmod/Keim99,304219
journals/sigmod/Ouksel02,565131
journals/vldb/Seshadri98,765531
journals/sigmod/RamamrithamS97,262769
journals/sigmod/DAndreaJ96,234902
conf/vldb/KemperK94,672977
conf/sigmod/AbadiCCCCEGHMRSSTXYZ03,872855
journals/vldb/SivasankaranSTPR96,765752
journals/vldb/SheikholeslamiCZ00,764221
journals/vldb/ChangG01,767145
conf/vldb/ShaferAM96,673491
conf/sigmod/AgichteinGV01,375774
conf/sigmod/GriffinH97,253304
journals/vldb/IoannidisNSS97,765552
conf/vldb/CuiW01,672029
journals/sigmod/Hammer02,565135
conf/vldb/Bar-YossefBCFW00,671873
journals/sigmod/FernandezFLS97,262763
conf/vldb/BertinoBFS96,673475
conf/sigmod/LiS98,276374
conf/vldb/ChenCFGJMTW99,671496
conf/vldb/Bernstein94,672999
conf/vldb/LuoN01,672041
journals/vldb/AbiteboulCM98,765527
journals/sigmod/PitouraAPSV03,945737
conf/sigmod/BraumandlKK99,304573
conf/vldb/ZemankovaI94,672998
conf/vldb/BerckenSW97,671016
conf/vldb/LabioG96,673477
conf/vldb/CochranePM96,673498
journals/vldb/SaltenisJ02,767093
conf/sigmod/Dyreson03,872779
journals/sigmod/ChakravarthyAEFO03,641006
journals/sigmod/KimballS95,212023
conf/vldb/OzdenBRS94,672984
conf/vldb/NinkHR99,671661
conf/sigmod/WangWYY02,564737
conf/sigmod/Rodriguez-Martinez00,336575
conf/sigmod/ChenDLT00,336560
journals/sigmod/MeltonE01,604280
conf/vldb/Sheth96,673492
conf/sigmod/Larson01,375792
journals/sigmod/ChaudhuriD97,248616
conf/sigmod/BersonGMJ94,191852
journals/sigmod/GerlaX03,959073
journals/sigmod/Klein94,187445
conf/vldb/PirotteZMY94,672997
conf/sigmod/DattaDRTV01,375780
journals/sigmod/Bertram94,190631
conf/sigmod/TatarinovIHW01,375720
journals/sigmod/RoantreeS02,637435
conf/sigmod/BaumannDFRW98,276386
conf/vldb/AnSVKIG01,672374
conf/vldb/Graefe99,671528
conf/sigmod/Weininger02,564754
conf/vldb/ChristopheBPV00,758380
conf/vldb/JagadishKNS99,765237
journals/vldb/HarderST99,765516
conf/sigmod/Mohan99,304230
journals/sigmod/Camps96,234890
conf/sigmod/DeshpandeNGS03,872818
conf/vldb/GardarinGT95,673169
conf/vldb/Garcia-MolinaLY98,671164
journals/sigmod/Qian97,248618
conf/vldb/EicklerKK97,673666
conf/sigmod/HristidisKP01,375690
journals/sigmod/Liu02,601868
conf/sigmod/ZhangMCMR02,564767
journals/vldb/PoulovassilisS96,765691
journals/tods/AikenHW95,202107
conf/sigmod/TheodoulidisAACKS94,191967
journals/tods/MumickFPR96,227624
conf/vldb/MoserKK95,673149
conf/sigmod/Spiro98,276359
conf/vldb/Sarawagi99,671500
conf/vldb/WuYCT95,673158
conf/sigmod/Vaskevitch94,191942
conf/sigmod/Sheth95,223882
journals/sigmod/KantM00,362091
conf/vldb/PottingerL00,671692
journals/sigmod/Snodgrass02,507369
conf/sigmod/GionisGK01,375689
conf/vldb/ChakrabartiRS02,950488
conf/vldb/DayalHL01,672211
conf/vldb/Bowker00,671871
conf/sigmod/GibbsBT94,191856
journals/tods/SrivastavaSRN95,219056
journals/sigmod/Snodgrass00a,565138
conf/sigmod/ChenGM01,375688
journals/sigmod/Qian96b,245909
conf/vldb/PoulovassilisS94,672965
conf/vldb/DeutschPT99,756643
conf/sigmod/IvesFFLW99,304209
conf/vldb/Sondag01,672359
conf/vldb/ShaferA97,671018
journals/tods/DiaoAFZF03,958947
conf/sigmod/GangulyGR03,872790
conf/vldb/Johnson99,671351
conf/vldb/ChanI99,671365
journals/tods/WijesekeraJPH03,937599
conf/sigmod/AmbiteABKMMMPT98,276381
journals/tods/MamoulisP01,503101
conf/sigmod/HarinarayanRU96,233333
journals/sigmod/MattosD94,190648
journals/sigmod/EisenbergM99a,344864
conf/sigmod/RafieiM97,253264
journals/sigmod/PapianiWDN99,333614
journals/sigmod/Jagadish01,604276
conf/vldb/Norvag99,758375
conf/vldb/BelussiF95,673166
journals/vldb/AslanM99,765512
journals/sigmod/YeungHL94,187447
journals/sigmod/MeltonMJKSZ01,373709
conf/vldb/GarofalakisOS97,758368
conf/sigmod/ShouCTRH01,375755
journals/tods/TendickM94,174641
conf/sigmod/Suciu99,304233
conf/vldb/Raghavan96,673463
journals/sigmod/KarlapalemLS95,202663
journals/sigmod/Zhang95,202661
conf/sigmod/ClossmanSHKPB98,276352
conf/sigmod/KaushikBNK02,564707
conf/sigmod/LiC95,223897
journals/sigmod/LabrinidisM01,603886
conf/sigmod/GuptaHR97,253366
journals/tods/Alagic99,328943
conf/sigmod/Golding95,223865
conf/vldb/LevyMS94,672839
conf/sigmod/FernandezFKLS98,276341
conf/sigmod/SlivinskasJS01,375678
conf/sigmod/ZhangRL96,233324
conf/sigmod/TaoP02,564730
conf/sigmod/HanKK97,253330
journals/tods/BaralisW00,363954
conf/vldb/CatozziR95,673297
conf/sigmod/SismanisDRK02,564745
conf/sigmod/PiatkoYLS96,280352
conf/sigmod/ZouS96,233325
conf/sigmod/Weininger00,335465
conf/vldb/ChaudhuriS94,672834
conf/vldb/BestavrosB95,673131
journals/sigmod/Geller02,507355
conf/sigmod/GravanoCGP97,253299
conf/vldb/BerchtoldKK96,673502
conf/sigmod/DogacTPPLKTK02,564750
journals/sigmod/Bohlen95,219758
conf/vldb/HaberIL95,673296
journals/tods/SchuldtABS02,507236
conf/sigmod/LometT99,304189
conf/sigmod/FlokstraKS94,191951
conf/sigmod/HellersteinHW97,253291
conf/sigmod/CookKWZ96,233354
conf/vldb/Mihalisin98,671176
conf/vldb/KornSFSP96,673493
journals/sigmod/Darwen96,245886
conf/vldb/CarinoJ98,671030
journals/vldb/Amer-YahiaCLS02,764203
conf/sigmod/CareyFZ94,191911
journals/sigmod/JenningsNF98,306112
journals/sigmod/Labrinidis01,603885
conf/sigmod/HsuLG00,336573
conf/sigmod/Melling94,191948
journals/vldb/BenzakenD95,615229
journals/vldb/RamamohanaraoH94,615193
conf/sigmod/Mohan96,280350
journals/sigmod/ShethBS99,310067
journals/sigmod/BargaL02,565139
journals/sigmod/HalkidiBV02,565124
conf/sigmod/Gettys95,223860
conf/sigmod/ZhangNBB94,191850
conf/sigmod/AndersonBKW98,276347
journals/tods/CiacciaP02,582412
conf/sigmod/ColbyGLMT96,233364
conf/vldb/PappasC00,671850
conf/sigmod/FungSG02,564775
conf/sigmod/BunemanM95,223863
journals/vldb/TorpJS00,764220
journals/tods/FernandezKSMT02,582413
journals/sigmod/Widom96b,601876
conf/sigmod/Chan98,276362
conf/sigmod/GodfreyGXZ01,375749
conf/sigmod/DogacHKOONDMAKE96,212017
conf/vldb/DiwanRSS96,673636
conf/vldb/Sterling98,671203
journals/vldb/AtluriJY03,953239
journals/sigmod/MotroA03,959085
conf/vldb/PereiraFJLS01,672195
journals/sigmod/ClementLGMK97,262765
journals/sigmod/Franklin00,641005
conf/sigmod/KanthAS98,276320
conf/vldb/AdiBEY00,671839
conf/vldb/Pogue98,671174
conf/vldb/AlsabtiRS97,673650
journals/sigmod/Liu01a,601874
conf/sigmod/Bernstein96,280348
journals/vldb/TurkerG01,767150
journals/vldb/KemperK95,615230
conf/sigmod/Cotton02,564792
conf/vldb/ChakrabartiSD98,671328
conf/sigmod/GaoW02,564734
journals/vldb/VaghaniRKSSLH94,615197
conf/sigmod/ChaudhuriMN99,304206
conf/vldb/WaasCB01,672026
conf/sigmod/AdaliSS99,304193
journals/tods/FraternaliT95,219042
conf/vldb/AgrawalS94,672836
conf/sigmod/WangCMSSZ94,191863
conf/sigmod/PatelD96,233338
conf/vldb/KeimH99,671505
journals/sigmod/SchlageterBHMSW95,202672
conf/sigmod/DeligiannakisR03,872786
conf/sigmod/SeidlK98,276319
conf/sigmod/Aggarwal02,564743
journals/vldb/FangGM96,765693
conf/sigmod/Moore95,223859
journals/tods/PolyzoisG94,185836
conf/sigmod/Miller98,276322
conf/vldb/KemperKW99,671506
conf/sigmod/PossSKL02,564759
conf/vldb/VenkataramanZ98,671028
conf/vldb/FlodinR95,673311
journals/sigmod/Fagin02,565143
conf/vldb/EsterKSWX98,671201
conf/sigmod/FaginKS03,872795
journals/vldb/BerchtoldKK97,765566
journals/vldb/MedjahedBE03,953243
conf/sigmod/DeshpandeNGS03a,872856
conf/sigmod/HoAMS97,253274
conf/sigmod/ReissK03,872804
conf/vldb/RamanRH99,671663
journals/vldb/TanGO00,765240
journals/tods/Jagadish95,202113
journals/sigmod/OukselS99,309849
conf/sigmod/FegarasSRM00,335494
conf/sigmod/Blakeley96,233329
conf/sigmod/MamoulisP99,304183
conf/sigmod/LoR96,233337
journals/vldb/LinJF94,615210
conf/vldb/SripadaW94,672983
journals/sigmod/SalgadoE03,505049
journals/sigmod/Stonebraker02,507362
conf/sigmod/Rosenthal01,375796
conf/sigmod/LahiriJJC98,276366
conf/vldb/ChangG00,672022
conf/vldb/Blecken00,671691
conf/sigmod/HeC03,872784
journals/vldb/HuangDT99,765517
journals/tods/KossmannFDA00,377677
journals/sigmod/Franklin97b,641000
journals/sigmod/BabuW01,603884
journals/sigmod/Fong97,248614
conf/sigmod/HouZ95,223840
journals/sigmod/GeppertD94,181556
conf/sigmod/HanPDW01,375664
conf/vldb/CooperSFHS01,672202
conf/sigmod/ProcopiucJAM02,564739
journals/sigmod/CaleroPR03,776992
conf/sigmod/Bussler02,564801
conf/vldb/PardonA00,671860
conf/vldb/ChristodoulakisTZ97,671007
journals/tods/JajodiaSSS01,383894
conf/sigmod/MohanN94,191849
conf/sigmod/RaoBG96,233334
conf/vldb/BaumannDFRW99,671513
journals/sigmod/Bhashyam96,245908
conf/vldb/FangSGMU98,671338
conf/sigmod/Team95a,223898
conf/vldb/Vaskevitch95,673310
conf/sigmod/BorkarDS01,375682
conf/vldb/CareyKSSS00,671862
conf/sigmod/RinfretOO01,375669
journals/sigmod/Hammer01,601859
journals/sigmod/Yang94,181554
conf/sigmod/CareyDNAGS97,253283
journals/vldb/CandanLS00,765231
conf/vldb/GalhardasFSSS01,672042
journals/vldb/RoySSSA98,765534
conf/sigmod/MinPC03,872775
conf/vldb/JermaineDO99,671517
conf/vldb/HasanM95,673143
conf/sigmod/RundensteinerCLCZNJLW99,304579
journals/tods/LiuHD98,277628
conf/vldb/SeshadriLR97,671010
conf/sigmod/IpeirotisGS01,375671
conf/vldb/VermeerA96,673635
conf/vldb/CiacciaPZ97,671005
journals/vldb/MehtaGPN98,765522
journals/sigmod/VetterliVS00,362138
journals/sigmod/BunemanLSTW94,181564
conf/sigmod/FaloutsosRM94,191925
conf/sigmod/Al-KhalifaYJ03,872761
conf/vldb/BratsbergH01,672348
conf/sigmod/VitterW99,304199
conf/vldb/Draluk01,672031
conf/sigmod/BhattacharyaMBNHS02,564749
journals/sigmod/Snodgrass97,641002
conf/vldb/HvasshovdBT00,671853
conf/sigmod/MumickP94,191860
journals/vldb/MaedcheMS03,953240
conf/sigmod/AggarwalY01,375668
journals/vldb/AnGSVKI02,641270
journals/tods/ChenHM95,219039
conf/vldb/ZhangL97,671006
conf/sigmod/Whelan98,276368
conf/vldb/IyerW94,672970
journals/tods/DyresonS98,288087
conf/vldb/Shmueli01,672369
conf/vldb/CareyK98,671166
conf/sigmod/Dietterich94,191931
conf/sigmod/KimCK01,375679
journals/sigmod/MukhopadhyayGS03,776989
conf/vldb/SeshadriLR96,673634
conf/sigmod/FernandezS96,280347
journals/sigmod/ErdurD02,507349
conf/vldb/BaulierBGJGKKMMNNRSS98,671175
conf/sigmod/WhiteCF98,276355
journals/vldb/AmielBDS96,765692
journals/vldb/ManegoldBK00,671364
conf/vldb/MohaniaS94,672987
conf/sigmod/ColeG94,191872
conf/vldb/HuntAI01,672030
conf/sigmod/BerchtoldBBKK97,253263
journals/vldb/HarrisR96,765755
conf/sigmod/ZhouR02,564709
journals/sigmod/BarbaraS97,262764
journals/sigmod/GruenwaldBDGSSV99,333616
conf/vldb/SubietaKL95,673138
journals/sigmod/Baeza-YatesN96,381890
conf/sigmod/Hellerstein94,191904
journals/vldb/ChenHY97,765551
conf/sigmod/RundensteinerKRCJM96,280361
journals/vldb/FungKL03,950490
conf/sigmod/JagadishLMSV99,304194
conf/vldb/ArunJ98,758370
conf/sigmod/CatarciS01,375771
conf/sigmod/Aggarwal03,872826
conf/sigmod/ZaianeHLCC98,276388
conf/sigmod/Wu99,304202
journals/sigmod/Aberer02,601865
journals/sigmod/RossFS02,507364
conf/vldb/KonopnickiS95,673148
conf/sigmod/DraperHW01,375744
conf/vldb/BouganimFV96,673330
journals/sigmod/Roussopoulos98,273253
conf/sigmod/JagatheesanR03,872878
journals/sigmod/SouzaS99,310063
conf/vldb/Novaretti01,672196
conf/vldb/HelalL00,671869
conf/vldb/Amer-YahiaCD98,671324
conf/vldb/ZengBNN01,672023
journals/sigmod/Kemper02,507354
journals/vldb/RahmB01,767154
conf/sigmod/ZuzartePMCLW03,872840
conf/vldb/Objectivity98,758372
journals/sigmod/RafanelliBT96,245887
conf/sigmod/SagonasSW94a,191970
journals/sigmod/Stirling03,776997
conf/sigmod/TheobaldW02,564768
journals/sigmod/DiazJPa94,181555
journals/sigmod/MusickM98,273249
conf/vldb/LeeL99,671354
conf/vldb/ChangG97,671022
conf/sigmod/BohrerBBCFHKKMNRRSUUW97,253294
conf/sigmod/Team95b,223899
conf/vldb/IoannidisLGP96,673496
journals/sigmod/PitouraB95,212015
conf/vldb/HaasNSS95,673295
journals/sigmod/Franklin98a,776998
conf/vldb/CowleyP00,671837
conf/sigmod/BuchmannDZH95,223889
conf/vldb/BamfordBKM98,671023
conf/vldb/Mohan96,673631
journals/sigmod/GalianoM03,959080
conf/sigmod/LamCKNH01,375779
conf/sigmod/BrinMS97,253327
journals/vldb/FerrariAABC02,767097
conf/vldb/DavisonG94,672821
journals/sigmod/Chang03,640993
conf/sigmod/BertinoCF01,375764
conf/vldb/BernsteinHJRW00,671867
conf/vldb/EvangelidisLS95,673316
journals/vldb/ChakrabartiDAR98,765533
conf/sigmod/KabraD98,276315
journals/sigmod/CruzKLSWY02,601882
conf/sigmod/YangWYH02,564738
conf/vldb/JagadishLS99,671666
conf/vldb/BohannonLRSSS97,671017
conf/sigmod/LometW98,276345
conf/sigmod/ChaudhuriG96,233323
journals/sigmod/MaelbranckeO95,211999
conf/sigmod/BouguettayaBH99,304589
conf/vldb/LingLL00,671868
conf/sigmod/ChoSG00,335429
conf/sigmod/ChawatheRGW96,233366
conf/sigmod/CruzALRZ97,253376
journals/tods/StolboushkinT98,288089
journals/sigmod/Huyn01,603880
journals/sigmod/Franklin98b,777001
journals/sigmod/LacroixB03,641003
journals/vldb/Baumann94,615207
journals/sigmod/Bussche00,362136
journals/sigmod/X94b,601860
journals/sigmod/Aberer03a,641004
conf/sigmod/2003,304228
journals/sigmod/JensenCEGHJ94,181560
conf/vldb/HuangJR97,670996
conf/sigmod/Toyama98,276389
journals/vldb/VerykiosME03,775455
conf/vldb/GoyalHSS95,673147
journals/tods/BohlenJS00,377665
conf/sigmod/GoldsteinL01,375706
conf/sigmod/BaruGLMPVC99,304590
conf/vldb/SchieferKBLF98,671187
journals/tods/Bohm00,357776
journals/vldb/Navarro02,767095
conf/sigmod/BabcockBDM03,872789
conf/sigmod/ShklarSKT95,223891
conf/vldb/BaulierBKS98,671167
journals/vldb/Halevy02,764200
conf/sigmod/JarkeQBLMS99,304568
journals/sigmod/BoucelmaCGJLL02,637431
conf/sigmod/KriegelBKPS03,872828
journals/vldb/TsatalosSI96,765690
journals/sigmod/HanBP01,603873
journals/vldb/GrefenVA01,767153
conf/vldb/Orenstein98,671178
conf/sigmod/AnkerstBKS99,304187
journals/tods/CasatiCPP99,328996
journals/sigmod/Eisenberg96,245907
conf/vldb/FlorescuLSY99,671493
conf/sigmod/AbiteboulBCMM03,872821
conf/sigmod/TsueiPK97,253279
conf/sigmod/MankuRL99,304204
journals/vldb/Ozsu03,775453
conf/sigmod/BressanGOT00,336587
conf/sigmod/Ivinskis95,223862
conf/vldb/RamakrishnanR96,673333
conf/sigmod/BerchtoldK98,276353
conf/sigmod/ChoALS03,872859
journals/sigmod/Winslett02a,640999
conf/sigmod/AndersonAF98,276365
conf/sigmod/Agarwal96,233336
journals/tods/GraefeC95,210202
journals/sigmod/Snodgrass99a,777003
conf/vldb/TsurAADKW01,672353
conf/vldb/LuL00,671686
conf/sigmod/RaoR98,276309
conf/vldb/CarusoCGLM00,671870
conf/vldb/ChatziantoniouR97,671003
journals/vldb/FiebigHKMNSW02,764202
conf/sigmod/LiuPBHPT00,336579
journals/vldb/BraumandlKKKKSS01,767137
journals/sigmod/PaepckeGRC00,344828
conf/sigmod/WodtkeWWDM97,253411
conf/sigmod/GravanoGT94,191869
conf/vldb/Shaw98,671169
conf/vldb/FlorescuKLP97,673654
conf/sigmod/ChaudhuriGN02,564747
journals/vldb/KraissW98,765532
journals/sigmod/Konig-RiesMMPPRSVW02,565134
conf/sigmod/Stonebraker98,276348
conf/vldb/X00,671674
journals/tods/MayL02,582411
journals/sigmod/Liu02c,603881
journals/vldb/MuthOPW00,764216
journals/vldb/OzsuPSILM95,615228
conf/sigmod/ChangBCLLS00,335433
conf/sigmod/NatsevRS99,304217
conf/sigmod/Ullman03,872759
journals/sigmod/FengJH01,373691
conf/sigmod/Galindo-Legaria94,191908
conf/vldb/Dyreson96,673326
conf/vldb/ZhangL98,671332
conf/sigmod/ChaudhuriMN98,276343
journals/vldb/PapadiasS94,615209
conf/sigmod/GuptaLM03,872869
conf/vldb/DattaDTVRF01,672364
conf/vldb/MeoPC96,673500
conf/sigmod/Mohan02,564796
journals/sigmod/ShahMFH01,604282
conf/vldb/ClaussenKMP97,673649
conf/sigmod/ChanI99,304201
journals/sigmod/DarwenD95,202667
journals/vldb/MehtaD97,765547
journals/sigmod/BilirisP96,234898
journals/sigmod/DemersGRTY03,959070
conf/vldb/LudasaherGM00,671864
conf/sigmod/GreenwaldK01,375670
conf/sigmod/RamakrishnanD98,276361
conf/sigmod/Norrie95,223883
journals/sigmod/Hellerstein03,945730
conf/sigmod/LiuPTBBZBHY98,276376
conf/sigmod/GraySSU03,872873
conf/sigmod/MaddenH02,564776
conf/sigmod/CorralMTV00,335414
journals/sigmod/BrunieK96,234895
conf/vldb/MadhavanBR01,672191
conf/sigmod/BunemanDHS96,233368
conf/sigmod/BilirisFOP96,280362
journals/tods/FegarasM00,377676
journals/sigmod/MeltonE02,637433
conf/vldb/PellenkoftLK97,673661
conf/vldb/BunemanDHOW95,673160
conf/vldb/GionisIM99,671516
journals/tods/TariSS97,278247
conf/vldb/OlstonW00,671877
conf/vldb/NarayananS01,672213
journals/sigmod/HalkidiBV02a,601862
journals/sigmod/RossAJS02,601875
conf/sigmod/ZadorozhnyRVUB02,564702
conf/sigmod/QunLO03,872776
journals/tods/Jimenez-PerisPAK03,937601
journals/tods/DekhtyarRS01,383736
conf/sigmod/Brown99,304236
conf/sigmod/StonebrakerH01,375739
conf/sigmod/SzalayGKT00,335439
conf/sigmod/JoshiA01,375673
conf/sigmod/OrdonezC00,335468
conf/vldb/Leymann01,757417
conf/sigmod/AvnurHLORRRW98,276383
journals/sigmod/KiyokiKH94,190639
conf/sigmod/HsiaoN00,335461
conf/sigmod/Chakrabarti99,304231
journals/sigmod/SycaraKWL99,309895
journals/sigmod/HasanFV96,234894
conf/sigmod/Ahn94,191847
conf/vldb/Mina98,671162
conf/sigmod/OhHP00,335436
conf/vldb/MiningGroup96,673478
journals/sigmod/BorgidaCS98,290595
conf/vldb/BonczRK98,671171
conf/vldb/Galindo-LegariaPK94,672975
conf/sigmod/Ross00,335457
journals/vldb/LiR99,765515
journals/tods/GunopulosKMSTS03,777945
conf/sigmod/MoonSL00,335428
conf/vldb/WuFSP00,671847
conf/vldb/LuTD95,673139
journals/sigmod/Danish98,306103
conf/vldb/Chiueh94,672825
conf/sigmod/LeeKOTM00,335416
conf/sigmod/AdyaGLM95,223787
conf/sigmod/MelnikRB03,872782
journals/tods/Hellerstein98,277627
conf/sigmod/LlirbatFS97,253357
conf/sigmod/DoRD99,304250
conf/vldb/LiCHPALHAY01,672040
conf/vldb/PapadiasT01,672363
conf/sigmod/CareyCNVDRSM99,304234
conf/vldb/YangG01,672193
conf/sigmod/OlstonWACELSS98,276377
journals/tods/KotidisR01,503100
journals/sigmod/DogacDATKCD98,306109
journals/vldb/DoanMDDH03,953241
journals/sigmod/David03,640996
conf/vldb/Schoning98,671181
conf/sigmod/CranorGJSS02,564777
conf/sigmod/HernandezS95,223807
conf/vldb/OoiGT98,671029
journals/vldb/FengYLH02,767131
conf/sigmod/GehrkeGRL99,304197
conf/sigmod/MaddenSHR02,564698
journals/sigmod/KempsterST99,344843
journals/sigmod/HasanMV96,245900
conf/vldb/ZouS98,671182
journals/tods/FormicaGM98,293152
conf/vldb/SarawagiS96,673632
conf/vldb/Rengarajan96,673499
journals/sigmod/Jhingran00,369287
conf/sigmod/ChungMS02,564706
journals/vldb/Bertino94,615202
journals/sigmod/Ozsu02b,776993
journals/sigmod/Manola98,273267
conf/sigmod/MerialdoAMMP00,335497
conf/vldb/HoelS94,672823
conf/sigmod/Eaton98,276357
conf/sigmod/BornhovdAKMPR03,872849
conf/sigmod/HammerGIPUW95,223896
journals/sigmod/RossGR03,603882
journals/sigmod/Anisimov03,945741
conf/sigmod/OlstonWL01,375710
conf/sigmod/NestorovAM98,276331
journals/vldb/AlbanoGO95,615227
conf/sigmod/LometT03,872806
conf/vldb/AnandBH94,672966
conf/sigmod/BozkayaO97,253345
journals/sigmod/ArpinarD00,362098
conf/vldb/AcharyaFZ96,673323
journals/vldb/AgrawalHK03,950487
journals/vldb/C94c,615205
journals/sigmod/Hainaut03,959087
conf/sigmod/MorpainCFP96,233362
journals/vldb/EyalM01,767135
journals/vldb/ChuIT94,615208
journals/vldb/BernsteinIR03,950482
journals/sigmod/ChristoffelPSL98,306133
journals/tods/SalemGS94,174639
conf/vldb/Sarawagi95,673159
journals/sigmod/BichlerSZ98,306102
conf/sigmod/WangZS95,223900
conf/vldb/BasuFP00,671865
conf/sigmod/Ubell94,191939
journals/tods/GoldmanL94,195666
journals/tods/Kuo96,236712
journals/tods/TaoP03,777944
journals/vldb/GruserRZZ00,765221
journals/sigmod/GuptaHR97,271093
journals/sigmod/AilamakiG03,777004
journals/sigmod/NormanZT96,234892
conf/sigmod/Chaudhuri97,253374
conf/sigmod/FernandezFKLS97,253403
journals/sigmod/Ozsu03a,959077
conf/sigmod/ZhangNDLL01,375722
journals/sigmod/AnyanwuS02,637418
journals/sigmod/Bernstein98,273271
journals/sigmod/Liu02a,601878
conf/vldb/WhiteheadSM97,673660
conf/sigmod/ForlizziGNS00,335426
journals/sigmod/Dogac96,234900
conf/sigmod/ArefBV95,223811
journals/sigmod/ConradEHRSSSV97,271089
conf/sigmod/ThaperGIK02,564741
journals/tods/ZobelMR98,277632
conf/vldb/LiRS99,671355
journals/vldb/BalkirO98,765542
journals/tods/BrightHP94,176569
journals/sigmod/Ozsu01,959075
journals/sigmod/Aberer02b,604274
journals/sigmod/TianDCZ02,507341
journals/tods/IoannidisR95,211419
journals/sigmod/DunhamH95,604265
conf/sigmod/ShenoyHSBBS00,335376
conf/sigmod/SeshadriP97,253408
journals/sigmod/UlusoyB96,381876
conf/vldb/GarofalakisG01,672356
journals/sigmod/LawderK01,373678
journals/sigmod/Halevy00,369284
conf/sigmod/LiuFP03,872846
journals/vldb/ChakrabartiGRS01,767147
conf/sigmod/ChangH02,564731
journals/vldb/DesslochHMMT98,765526
journals/sigmod/Elderini02,959082
journals/sigmod/Winslett94,181569
journals/sigmod/LeeCL95,212011
conf/vldb/PfoserJT00,672019
conf/vldb/Blum99,671348
journals/sigmod/RossAA02,641001
conf/sigmod/ViglasN02,564697
conf/sigmod/Kohler99,304241
conf/vldb/LakshmiZ98,671200
journals/sigmod/Goethals02,565132
conf/sigmod/GetoorTK01,375727
conf/vldb/RezendeS98,671195
conf/vldb/DeRose99,671670
journals/sigmod/ChrysanthisSZ03,335455
conf/vldb/BrownG01,672032
conf/vldb/BonifatiCDS01,672212
conf/vldb/ChenRS95,673007
conf/vldb/DiaoLCT00,671678
journals/sigmod/YanG95,212018
journals/vldb/OoiTCH98,765528
conf/sigmod/Brewer98,276372
conf/sigmod/MeccaAMMS98,276375
conf/sigmod/GuhaRS98,276312
conf/vldb/YangKL97,673657
conf/sigmod/ChakrabartiDI98,276332
conf/sigmod/QuassWGHLMNRRAUW96,280355
conf/sigmod/BabyCY01,375761
journals/sigmod/GobleR02a,637422
conf/sigmod/Sarawagi00,336564
journals/sigmod/GriffinK98,290597
journals/vldb/MirbelPSTV00,765230
journals/vldb/ChanFGR02,764205
conf/sigmod/GarofalakisRRS99,304227
journals/sigmod/DoanPK95,212003
journals/tods/Chomicki95,210200
conf/vldb/HinneburgAK00,671675
conf/sigmod/DarEGP98,276391
journals/sigmod/CoxEH96,245901
conf/vldb/CeriFP99,671524
conf/sigmod/SchleimerWA03,872770
journals/vldb/HarderR96,765805
journals/sigmod/CheungF98,290596
conf/sigmod/BilirisP94,191983
conf/vldb/LakshmananSS96,673490
conf/sigmod/DoanDH01,375731
journals/vldb/NgS98,765539
conf/vldb/CasatiS00,671694
journals/sigmod/Widom94,187457
conf/vldb/PapadiasMD98,671163
conf/sigmod/CatarciS94,191976
conf/vldb/JaedickeM99,671515
journals/sigmod/Dogac02,507340
conf/sigmod/GuoSBS03,872762
journals/sigmod/Snodgrass98c,945738
journals/sigmod/NestorovAM97,271084
conf/sigmod/Arpaci-DusseauACHP97,253322
journals/sigmod/Scholl01,604275
journals/tods/BunemanO96,227609
conf/vldb/BarjaPFWD94,672969
conf/vldb/RaoR99,671362
conf/vldb/AmirKN01,672215
conf/sigmod/AltinelLKMPLWB02,564765
journals/tods/KossmannS00,352982
conf/vldb/KornackerB95,673305
conf/sigmod/AdamY98,276350
journals/vldb/JiangE98,765538
conf/vldb/AlonsoHST97,671020
conf/sigmod/ChoG00,335391
conf/vldb/Korth95,758365
conf/sigmod/PalmerF00,335384
conf/vldb/TanEO01,672217
journals/sigmod/Kosch02,565123
conf/vldb/AgrawalSX01,672175
conf/sigmod/KotidisR99,304215
journals/sigmod/Grohe02,637428
journals/sigmod/Franklin00b,604281
conf/sigmod/Bierman03,872807
conf/sigmod/DogacAEOADAOS94,197137
journals/vldb/AtkinsonM95,615226
conf/vldb/SkubiszewskiV97,673640
journals/sigmod/MeersmanS02,637412
conf/vldb/DarEGP98,671325
journals/sigmod/Franklin98,565136
conf/vldb/CabreraRH95,673308
conf/sigmod/LeeWMS01,375709
conf/vldb/Levy96,673332
conf/vldb/StaudtJ96,673479
journals/sigmod/MedeirosP94,181566
conf/sigmod/FlorescuLMS99,304210
conf/sigmod/ParkCY95,223813
conf/sigmod/Lomet00,335378
journals/sigmod/Han98,273273
conf/vldb/LiCHH97,673668
journals/vldb/DerrMP94,615194
conf/sigmod/RoussopoulosKR97,253276
journals/sigmod/Winslett02,601870
journals/sigmod/WinslettCDHZZ02,601881
conf/sigmod/ReinwaldP98,276356
journals/sigmod/GobleR02,507366
conf/vldb/ShuklaDN98,671189
journals/vldb/CombiP01,765505
conf/vldb/NipplM98,671337
conf/vldb/SadriZZA01,672043
journals/sigmod/AlonsoCIM95,219742
conf/vldb/GarofalakisI97,671004
conf/sigmod/Freeston95,223796
conf/sigmod/Gray95,223864
conf/vldb/GeorgeH98,671190
journals/sigmod/KoksalAD98,273265
conf/sigmod/AcharyaAFZ95,223816
conf/vldb/SakuraiYUK00,671676
conf/vldb/BliujuteJSS98,671339
conf/sigmod/LiGS02,564711
conf/sigmod/PonnekantiK00,335462
journals/vldb/NanopoulosM02,767130
conf/sigmod/BarbosaMKL02,564769
journals/sigmod/LuoI02,601879
conf/vldb/ZurekS99,671665
journals/vldb/GeorgakopoulosRL94,615186
journals/vldb/FahlR97,765562
journals/vldb/ChidlovskiiB00,765220
conf/vldb/DyresonBJ99,671672
conf/vldb/BunkerCCMMW01,672182
conf/vldb/ShethKMWDLPLS96,673468
conf/sigmod/AbadiC02,564770
conf/vldb/CochinwalaB94,672968
conf/sigmod/LabioYG99,304216
conf/vldb/SavasereON95,673300
journals/vldb/PacittiS00,764222
journals/tods/YanG99,331992
journals/sigmod/Barbara01,604266
conf/sigmod/SengarH03,872867
conf/sigmod/GarofalakisG02,564746
conf/sigmod/AfratiLU01,375705
conf/sigmod/LakshmananPZ03,872768
conf/vldb/PatonG01,757416
conf/vldb/AltinelF00,671841
journals/tods/KrishnakumarB94,195670
conf/sigmod/Edelstein95,223868
journals/sigmod/CareyS99,310071
conf/vldb/CatozziR01,672210
conf/sigmod/GoyalHKMS96,233369
journals/sigmod/Critchlow01,373699
conf/vldb/LaneEN00,671857
journals/sigmod/AtkinsonDJPS96,245905
conf/sigmod/LakshmananPZ03a,872843
conf/sigmod/GotoK03,872837
journals/tods/Ross96,232628
conf/vldb/PantiSG00,671693
journals/sigmod/RamDD99,333613
conf/vldb/GardarinST96,673485
journals/sigmod/BertinoEH01,373684
journals/sigmod/BiancheriPP01,373631
conf/sigmod/AcharyaGPR99a,304207
conf/vldb/ChakrabartiBD99,671523
journals/sigmod/EisenbergM00,344819
conf/sigmod/LivnyRBCDLMW97,253379
conf/vldb/ShuklaDNR96,673494
conf/sigmod/PapadiasTFS03,872814
journals/sigmod/SureSS02,637414
conf/sigmod/DobraGGR02,564699
conf/sigmod/TsurUACMNR98,276306
journals/sigmod/Snodgrass99b,290599
conf/sigmod/ChenWZ98,276392
journals/sigmod/SilberschatzZ97,262768
conf/vldb/Meier95,673301
journals/tods/ChrysanthisR94,185843
conf/sigmod/KornackerSH98,276384
conf/vldb/JoshiBLL98,671184
journals/sigmod/GatziuJSV99,344825
conf/sigmod/AgrawalES03,872771
conf/sigmod/ShatdalN95,223801
conf/sigmod/KanthRSB99,304240
conf/sigmod/ZhugeGHW95,223848
conf/sigmod/OriaOILY00,336589
conf/vldb/MignetMAC01,672205
conf/vldb/GarofalakisRS99,671514
journals/sigmod/SonDT96,381879
journals/sigmod/LiefkeS00,344815
journals/vldb/Barbara-MillaG94,615201
conf/vldb/DeWittKLPY94,672974
conf/vldb/Vieille98,671336
conf/sigmod/PapakonstantinouV99,304222
journals/tods/Galindo-LegariaR97,244812
journals/sigmod/Snodgrass98a,602302
journals/vldb/SofferS98,765540
conf/sigmod/BerckenDS00,336562
conf/sigmod/French95,223871
journals/sigmod/Winslett02c,507357
conf/sigmod/ChaudhuriGS03,872802
journals/vldb/RamamrithamC96,765756
journals/sigmod/Liu03c,601880
journals/sigmod/Aberer02a,507353
conf/sigmod/HanPLJ01,375786
conf/sigmod/Ramanan02,564726
conf/vldb/Schnase00,671685
journals/sigmod/BawaCCDGGKMSSVY03,945728
journals/sigmod/Loeffen94,181565
conf/sigmod/DeolaseeKPRS01,375752
conf/vldb/TanSHCR01,672376
conf/vldb/CasatiDGS01,672190
journals/sigmod/OrlandicLS02,565120
conf/sigmod/NguyenS96,233371
conf/vldb/Team00,671838
conf/sigmod/SimmenSM96,233320
journals/vldb/MihailaRT02,767096
journals/vldb/AbbadiSW01,767142
conf/sigmod/GrumbachRS98,276324
conf/vldb/DarFJST96,673462
conf/vldb/CherniackZ98,671177
journals/sigmod/Lomet01,603878
conf/vldb/WildfogelY97,670998
journals/sigmod/HadzilacosT97,262766
conf/vldb/Lesk94,672830
journals/tods/MehrotraRKS98,277629
conf/sigmod/CareyMN97,253370
journals/vldb/PanagosB97,765557
conf/sigmod/AdelbergGK95,223842
conf/sigmod/BrodskySCE99,304582
conf/sigmod/Hellerstein00,335473
conf/sigmod/Englert94,191945
journals/vldb/MaratheS02,304211
journals/sigmod/TanakaV01,603879
conf/sigmod/KemperKM98,276351
conf/sigmod/Lassettre98,276371
conf/sigmod/MissikoffT94,191958
journals/sigmod/Hammer02a,603877
conf/vldb/WangHH00,671697
journals/vldb/TempletonHMB95,615222
conf/sigmod/Blakeley94,191989
conf/vldb/BaralisPT97,671019
conf/sigmod/CareyK97,253302
conf/sigmod/CareyDFHMNSSTTWZ94,191915
conf/sigmod/ConsensM94,191898
conf/vldb/GehrkeRG98,671330
conf/vldb/DonjerkovicR99,671510
conf/vldb/BrownS95,673132
journals/sigmod/RosenthalSMBTL95,212020
journals/vldb/ChandrasekaranF03,950486
conf/vldb/BouguettayaEMO01,672201
conf/sigmod/NguyenACP01,375723
conf/sigmod/ChaudhuriDY95,223856
conf/vldb/LuSL95,758364
journals/sigmod/Widom95,604279
conf/vldb/DarmontS99,671361
conf/sigmod/SzalayGTKMRSv02,564758
conf/vldb/Schek00,671861
conf/sigmod/ClaypoolRZSK01,375765
journals/vldb/KnorrNT00,764218
journals/sigmod/Ahlberg96,245893
conf/vldb/NaumannLF99,671356
conf/vldb/Sol01,672038
conf/sigmod/FaloutsosSTT00,335412
conf/sigmod/Fernandez94,191947
journals/sigmod/SegevJS95,219754
journals/sigmod/DogacAOD95,202662
conf/sigmod/LiskovACDGGMMS96,233346
conf/vldb/AmbiteKKMST01,672186
journals/vldb/ConstantopoulosJMV95,615213
journals/sigmod/UrbanDG96,381892
conf/sigmod/CeriFPP95,223886
journals/sigmod/Liu02b,604277
conf/sigmod/Aulakh98,276367
journals/sigmod/DreyerDS94,181553
conf/vldb/OConnellWG01,672185
conf/vldb/WangZL99,671360
conf/sigmod/ZhouLP99,304580
conf/vldb/SilversteinBMU98,671027
conf/sigmod/DeshpandeRSN98,276328
conf/sigmod/BrinDG95,223855
conf/vldb/KornLKF98,671025
journals/vldb/AilamakiDH02,641271
conf/vldb/GuntzerBK00,671875
journals/sigmod/Alonso95,507368
journals/tods/CeriFPT94,185828
conf/sigmod/RiedewaldAA02,564694
journals/tods/FranklinCL97,261125
journals/sigmod/SchmidtWKFCMB01,603872
conf/sigmod/ShahC01,375773
conf/sigmod/KoudasS97,253340
conf/sigmod/KrollW94,191891
conf/sigmod/SrikantA96,233311
conf/sigmod/SchusterW01,375728
journals/tods/StoreyCDGS97,278246
conf/sigmod/HinneburgK99,304232
conf/vldb/Fecteau95,673140
conf/vldb/TreschPL95,673309
conf/sigmod/LeflerSW96,280354
conf/vldb/ShanmugasundaramKSFF01,672203
conf/vldb/GibsonKR98,764217
journals/sigmod/ShinM94,190633
conf/sigmod/SubramanianV98,276333
journals/vldb/LometS97,765558
conf/vldb/GarofalakisIO98,671193
journals/tods/Ng01,502033
journals/vldb/NybergBCGL95,615237
conf/sigmod/Team99,304244
conf/sigmod/Greer99,304242
journals/vldb/KornLKF00,764219
conf/vldb/CherniackFZ01,672180
journals/sigmod/JukicNV03,776987
journals/tods/GravanoGT99,320252
conf/sigmod/LazaridisM01,375718
journals/sigmod/LenzVJS03,959083
conf/sigmod/MoonWH02,564735
journals/sigmod/Badia02,637425
conf/vldb/StathatosRB97,673653
conf/sigmod/HjaltasonS98,276326
conf/vldb/LeeLWS97,671015
journals/sigmod/Gal99,310061
journals/sigmod/Gardels97,248610
conf/sigmod/MayrS99,304213
journals/sigmod/PhatakSSS96,381897
conf/sigmod/BrownCL96,233351
conf/sigmod/ColletC95,223887
conf/sigmod/ChaudhuriGGM03,872796
conf/vldb/ManolescuFKXO00,671846
journals/vldb/ApersCS02,641269
conf/sigmod/NgLK98,276364
conf/sigmod/AgrawalCN01,375769
journals/tods/ChaudhuriS99,320249
journals/sigmod/BohmR94,190635
journals/vldb/OzsuC98,765537
conf/vldb/Taylor00,671859
journals/sigmod/Liu01b,604273
conf/vldb/Nori00,671698
conf/sigmod/ImielinskiVB94,191846
journals/tods/JacoxS03,937600
conf/sigmod/TatarinovVBSSZ02,564715
conf/sigmod/GrossmanQ94,191965
journals/sigmod/Giorgini03,959084
conf/sigmod/SinghTW94,191949
journals/sigmod/BerndtssonH96,381889
journals/sigmod/Wong95,212013
journals/sigmod/Keim96,245896
journals/tods/MelnikG03,762474
conf/sigmod/JonkerS95,223903
journals/tods/RaschidL96,236714
conf/sigmod/LabioWGG00,335379
conf/sigmod/WhiteD94,615238
journals/tods/ScioreSR94,176570
conf/sigmod/ShashaB02,564799
conf/vldb/BrownMCL94,673005
conf/vldb/YanA94,672964
conf/vldb/SeidlK97,673655
journals/vldb/OoiHLT96,765806
journals/sigmod/Ulusoy95,219751
conf/vldb/Ogawa96,673320
journals/sigmod/Aggarwal01,373638
journals/sigmod/KambhampatiK03,959086
journals/tods/DeyS96,232796
conf/sigmod/RundensteinerKZWLLN99,304574
journals/tods/CiacciaTZ96,232755
conf/sigmod/MaratheS99,767098
journals/tods/Kim94,569784
journals/tods/SistlaWYS98,277641
conf/vldb/AnciauxBBPV01,758381
conf/sigmod/HanPY00,335372
conf/sigmod/Mylopoulos98,276349
journals/sigmod/NadoH97,271083
conf/sigmod/JohnsonD03,872875
journals/sigmod/Wu02,637426
conf/vldb/McKennaBHT96,673476
conf/vldb/GoldmanSVG98,671346
journals/sigmod/ChangGKRS98,290607
conf/sigmod/Atkinson95,223874
conf/sigmod/Cohen98a,276380
conf/sigmod/QuassW97,253352
conf/vldb/George98,671032
conf/sigmod/Perna95,223872
conf/sigmod/BonnetBCCCHKMMOSS99,304583
conf/vldb/Hamilton99,671508
conf/vldb/JiangSLB00,672021
conf/sigmod/ChaudhuriN98a,276378
conf/sigmod/IoannidisL94,191870
journals/sigmod/DrewHKKLLLSW95,219769
conf/vldb/BonczMK99,765238
conf/sigmod/RoySSB00,335419
conf/sigmod/VingralekBW94,191889
journals/sigmod/TatarinovIMHSDDKMM03,945732
conf/sigmod/BlakeleyP98,276354
conf/sigmod/LitwinS00,335418
conf/vldb/RothS97,670992
journals/sigmod/Suciu97,271077
journals/tods/ChomickiTB01,383892
conf/vldb/Bhashyam96,673470
conf/sigmod/FaloutsosL95,223812
journals/sigmod/Qian96,381901
conf/sigmod/SeshadriHPLRSSS96,233360
journals/vldb/AntoshenkovZ96,765852
conf/sigmod/CrescenziMM02,564778
conf/vldb/ManolopoulosT01,672358
journals/sigmod/Wade96,381895
journals/sigmod/PossasMCR00,369278
conf/sigmod/IlyasRLGL03,872803
conf/sigmod/ChangC01,375776
conf/vldb/BaumgartnerFG01a,672189
conf/sigmod/NybergBCGL94,191884
journals/sigmod/Fong95,212007
conf/sigmod/Ozsu99,507339
conf/vldb/SrivastavaDJL96,673627
conf/vldb/GohOST99,671507
conf/vldb/Banerjee00,671683
conf/sigmod/LiVCAHMWBCHIKSS99,304578
journals/tods/LitwinN96,236713
conf/vldb/NgY94,672828
conf/vldb/ShanmugasundaramGTZDN99,671499
conf/sigmod/KoudasS03,872871
conf/sigmod/LibkinMW96,233335
conf/vldb/SistlaYH94,672829
journals/sigmod/GroskyFS94,190644
journals/vldb/HelmerM03,950493
conf/vldb/MuntzR94,672820
conf/vldb/NgC97,673643
conf/vldb/KraissW97,673664
conf/sigmod/KangN03,872783
conf/sigmod/WhitneyS01,375783
journals/sigmod/Domingo-FerrerH98,306129
conf/vldb/Sacks-Davis96,673486
journals/sigmod/Finkelstein95,219777
conf/vldb/Moni96,673335
journals/vldb/KashyapS96,765855
journals/sigmod/JainH94,190638
conf/vldb/BrodieC99,671492
conf/sigmod/KiesslingHFE01,375754
conf/vldb/LakshmananSS99,671511
journals/vldb/AbiteboulB95,615234
conf/sigmod/GuptaS03,872809
journals/vldb/ShegalovGW01,767139
conf/vldb/Wang95,673152
conf/sigmod/MattosM95,223881
conf/sigmod/Hidber99,304195
conf/vldb/KoschBBHHLRT01,672354
journals/vldb/GibsonKR00,671202
conf/vldb/Tsur00,671840
conf/sigmod/ZhaoDNS98,276329
conf/sigmod/Martin94,191936
conf/sigmod/Nori00,335474
journals/tods/ParsonsW00,357778
conf/sigmod/LiuHBPT99,304570
conf/sigmod/Amer-YahiaFSX03,872852
conf/vldb/SundaraHCAS01,672361
conf/vldb/ManolescuFK01,672368
journals/sigmod/QuixSJ02,507348
conf/vldb/May01,672036
journals/tods/HsuSY01,383737
conf/vldb/AilamakiDHS01,672367
conf/sigmod/SagonasSW94,191927
journals/sigmod/FowlerPNB99,310060
journals/sigmod/Suciu02,507360
conf/sigmod/TrisoliniLN99,304569
conf/sigmod/BumbulisB02,564753
conf/sigmod/MaheshwariL97,253338
journals/sigmod/Jarke95,202671
conf/sigmod/Galindo-LegariaJ01,375748
journals/vldb/CuiW03,775456
journals/sigmod/BollKB98,306119
conf/vldb/HjelsvoldM94,672818
conf/vldb/Atal96,673322
conf/vldb/RahmM95,673163
conf/sigmod/BreitbartKRSS99,304191
journals/tods/TaoPZ02,581754
journals/sigmod/StolfoLCFE01,604267
conf/sigmod/RodriguezR00,335413
journals/tods/LakshmananLRS97,261131
conf/sigmod/DattaDTVSR02,564703
conf/vldb/Hallmark95,673156
journals/sigmod/MalaikaEM03,945739
conf/vldb/MohanBWSZ00,671858
journals/tods/HjaltasonS03,958948
journals/sigmod/BuchnerM98,306124
conf/vldb/GrovlenHT98,671204
journals/sigmod/Liu03a,637432
conf/vldb/LeslieJBY95,673317
conf/vldb/Kleewein96,673472
journals/sigmod/EnglertGH95,219760
conf/vldb/Pound99,671490
journals/sigmod/YuenCLL00,369282
conf/vldb/RisheYACLMVSV00,671681
journals/tods/LeveneL99,310712
conf/sigmod/HellersteinW02,564788
journals/tods/KemmeA00,363955
conf/vldb/RysNS96,673501
journals/vldb/WangW01,765508
journals/sigmod/Bussler02,507351
journals/sigmod/RiekertMW97,248608
conf/sigmod/Hammond99,304243
conf/sigmod/PapakonstantinouPV02,564714
journals/sigmod/AshishK97,271078
conf/sigmod/GunopulosD01,375808
conf/sigmod/HanFWCZK96,280356
conf/sigmod/ZaharioudakisCLPU00,335390
conf/vldb/AmsalegFG95,673302
conf/sigmod/LacroixSC98,276385
journals/sigmod/Wiegand03,959081
conf/sigmod/WangSSZZW00,335495
journals/vldb/Halevy01,767151
conf/sigmod/LiCHH97,253384
conf/vldb/Sullivan96,673489
journals/vldb/DeyBS96,765803
journals/sigmod/SpynsMJ02,637413
journals/tods/BellNNS96,232691
conf/vldb/HelmerM97,673667
conf/sigmod/ChaudhuriKN03,872831
conf/sigmod/LoR94,191881
conf/sigmod/LuWYBLY02,564785
journals/vldb/FiletoLPAM03,953244
conf/vldb/GutierrezPST94,672976
conf/vldb/OrensteinK95,673151
journals/sigmod/ShethMKA01,604286
journals/sigmod/HellersteinHM03,959065
conf/vldb/BaumgartnerFG01,672194
journals/tods/CliffordC94,174642
conf/vldb/TsatalosSI94,672990
journals/sigmod/Cardelli01,604278
journals/sigmod/ButtlerCCFHLPRX02,637421
conf/sigmod/HungYK96,280360
conf/vldb/DoDJJR98,671165
conf/sigmod/RamaswamyRS00,335437
conf/sigmod/MumickQM97,253277
journals/vldb/LandauST95,615233
journals/sigmod/BarbaraBFLS94,187455
conf/sigmod/Chamberlin03,872877
conf/vldb/HvasshovdTBH95,673136
conf/sigmod/Mamoulis03,872778
conf/sigmod/ChristophidesCM96,233358
journals/sigmod/PissinouSEMOPSTD94,181557
journals/sigmod/AbererCDDHPS03,945729
journals/sigmod/YaoG02,601861
journals/sigmod/Neven02,601869
journals/sigmod/ACT-NET96,234896
journals/sigmod/GolabO03,776986
journals/sigmod/SnodgrassAABCDEGJKKKLLRSSS94,181562
conf/sigmod/AtzeniT97,253393
conf/sigmod/KriegelMPS01,375777
conf/vldb/ShatdalKN94,758363
conf/sigmod/KalnisP01,375712
journals/tods/WangBBJ97,249979
journals/vldb/IvesHW02,764206
conf/vldb/MedianoCD94,672840
conf/sigmod/Mohan01,375798
conf/vldb/AilamakiDHW99,671662
conf/vldb/Kornacker99,671358
journals/sigmod/Kim99,569785
journals/sigmod/FrewD97,248609
conf/vldb/GoldmanW97,671008
conf/sigmod/RajagopalanML98,276342
conf/vldb/TriantafillouP97,673663
conf/vldb/LitwinNS94,672842
journals/vldb/WidomS00,764213
conf/sigmod/Bonnet02,564790
journals/sigmod/FrankGGJKLMNPSSSTW99,333609
conf/sigmod/AgichteinG03,872851
journals/sigmod/JajodiaBBKMSW97,271095
journals/tods/LiC01,502032
journals/tods/GhandeharizadehHJ96,232801
conf/vldb/Hammond96,673473
conf/sigmod/Chakravarthy97,253409
conf/vldb/CareyHMW96,673633
journals/sigmod/AbelTK97,248605
journals/vldb/JagadishACLNPPSWWY02,764201
conf/sigmod/Adelberg98,276330
conf/vldb/Gibbons01,672351
journals/sigmod/BestavrosLS96,234897
journals/sigmod/HaritsaS96,381870
conf/sigmod/KornJF97,253332
conf/vldb/PedersenJD99,671491
journals/sigmod/Aberer03,601864
conf/sigmod/ShenNSHS03,872842
conf/sigmod/CluetDSS98,276321
journals/sigmod/TheodoridisN00,362104
conf/vldb/MorishimaKKT01,672187
conf/sigmod/BressanGFJHKLMPQSS97,253389
conf/vldb/HumborstadSHT97,671000
journals/sigmod/KennedyMB96,245895
journals/sigmod/Kuijpers02,601866
journals/tods/DattaVCK99,310710
conf/sigmod/ChanI98,276336
journals/sigmod/Aberer03d,565129
journals/sigmod/MarchiLPT03,640997
conf/sigmod/HullZ96,233365
conf/sigmod/Ramakrishnan00,335471
conf/sigmod/Hope95,223861
journals/sigmod/BergamaschiCV99,309897
conf/sigmod/GoyalHKMSZ97,253377
conf/sigmod/Galhardas00,336568
conf/sigmod/ShashaB02a,564798
conf/vldb/AcharyaGP99,671347
conf/sigmod/FlorescuGKR02,564779
conf/sigmod/ChooOLCGBPS96,280357
conf/sigmod/KemperMPS94,191906
conf/vldb/JonscherD94,672978
journals/vldb/AtzeniM00,765219
journals/sigmod/ZobelMR96,234891
conf/sigmod/AgrawalK03,872865
conf/vldb/DongHLPW01,672176
conf/sigmod/DeHaanTCO03,872832
journals/sigmod/Aberer01,603869
journals/vldb/BeckerGOSW96,765854
journals/sigmod/Winslett03b,565126
conf/sigmod/ColbyKLMR97,253353
conf/sigmod/KiepuszewskiMO98,276379
conf/vldb/TeisseirePC94,672831
conf/sigmod/AcharyaGP00,335450
journals/vldb/MuckP97,765565
conf/sigmod/ChaudhuriN98,276337
conf/sigmod/VriesMNK02,564729
conf/sigmod/Seshadri99,304226
conf/vldb/BrinkhoffK94,672841
conf/vldb/FrohnLU94,672988
conf/sigmod/HsiaoCY94,191879
journals/tods/Chomicki03,958946
journals/sigmod/BallMRZ02,507350
conf/vldb/MalonM97,673642
journals/sigmod/Snodgrass00,945740
conf/sigmod/LiBKN03,872820
conf/sigmod/Gerber95,223877
journals/tods/TaoSP03,958943
conf/sigmod/GraySEBW94,191886
conf/vldb/Toivonen96,673325
journals/tods/ZaharioudakisCF97,278249
conf/vldb/EicklerGK95,673165
journals/sigmod/Winslett01,507358
conf/vldb/ChaudhuriW00,671696
journals/vldb/RamanRH00,765239
journals/vldb/CliftonGB95,615214
journals/sigmod/KeetonPH98,290602
conf/sigmod/MarklL02,564766
journals/sigmod/Jannink95,202666
conf/vldb/ChengGKLLQS99,671357
conf/vldb/Huyn97,673644
conf/sigmod/LaursenOP94,191933
conf/sigmod/AgrawalW00,335423
conf/sigmod/HwangLYMMGCSS94,191986
conf/sigmod/ParkKKLPC98,276387
conf/vldb/GaasterlandL94,672837
journals/sigmod/BunemanFSW01,373697
journals/sigmod/Alonso95a,637423
journals/sigmod/BerraNT95,202670
conf/sigmod/GarofalakisGR02,564794
journals/sigmod/Aberer03b,637424
conf/sigmod/DeshpandeGR01,375685
journals/vldb/ZezulaSAR98,765541
conf/vldb/KnorrN99,671529
conf/sigmod/ZaharioudakisC97,253269
journals/tods/OliverS94,174640
conf/sigmod/GarofalakisGRSS00,335409
conf/sigmod/FabretJLPRS01,375677
conf/sigmod/FegarasM95,223789
journals/sigmod/CampbellEM03,777002
conf/vldb/Bayer95,673133
conf/vldb/GibbonsMP97,581753
conf/sigmod/Amer-YahiaCLS01,375730
journals/sigmod/BoscMP01,373708
conf/sigmod/CruzJ99,304587
conf/vldb/BraumandlCK98,671341
conf/vldb/Celis96,673471
conf/vldb/DillKMRST01,672181
journals/sigmod/Snodgrass03c,959062
conf/vldb/SindoniTABFGMPPT01,672039
journals/tods/CastanoAFP98,293150
conf/vldb/RamaswamyMS98,671170
conf/vldb/Lindsay95,673161
conf/sigmod/CasatiS01,375812
journals/tods/Suciu02,507235
conf/vldb/Malaika96,673630
conf/vldb/AboulnagaAN01,672034
conf/vldb/AbiteboulBMMW02,945726
conf/vldb/DeenJNNW00,671702
journals/sigmod/LaenderRST02,565137
journals/sigmod/Segev94a,604285
conf/vldb/HoskingC99,671503
conf/sigmod/HellersteinN96,233359
conf/sigmod/HaasH01,375800
conf/sigmod/Shasha97,253368
journals/tods/Chen95,202110
conf/vldb/RamamurthyDS02,950483
conf/vldb/IdrisGC94,672967
conf/vldb/MatthesS94,672986
conf/sigmod/GeorgeH97,253362
conf/vldb/KalusD95,673315
journals/vldb/StonebrakerALPSSSY96,765754
journals/sigmod/Snodgrass94,603868
conf/sigmod/BlohsfeldKS99,304203
conf/sigmod/GrayHOS96,233330
conf/sigmod/AshleyFHLNP95,223888
journals/sigmod/PalpanasPKG03,959074
journals/sigmod/AbiteboulH95,211994
conf/vldb/Suciu96,673629
conf/vldb/Wadler01,672033
conf/vldb/ArgePRSV98,671340
conf/vldb/MorimotoFMTY98,671186
conf/sigmod/ChoiC02,564742
conf/vldb/GilbertKMS01,672174
journals/sigmod/TaninBS96,245891
conf/sigmod/KatayamaS97,253347
journals/sigmod/AndersonS94,190642
conf/sigmod/BunemanKTT02,564693
conf/sigmod/ArasuG03,872799
journals/sigmod/RosenthalHRS97,248612
conf/vldb/Kotidis01,672183
conf/sigmod/MassariPSC95,223890
conf/vldb/RaghavanG01,672025
journals/sigmod/Nascimento03,776996
journals/vldb/LeeSC01,765507
journals/sigmod/SnodgrassAABCDEGJKKKLLRSSS94a,187449
conf/sigmod/BrinMUT97,253325
journals/sigmod/GatziuKBF98,273255
conf/vldb/RoussopoulosK98,671180
journals/sigmod/NgH95,202665
conf/sigmod/ChaudhuriDN01,375694
journals/sigmod/Gaffney96,381899
conf/sigmod/SeshadriLR94,191926
conf/vldb/Jacobs97,673647
conf/sigmod/RamaswamyK95,223809
conf/vldb/Carey00,671700
journals/sigmod/Vassilakis00,344803
conf/vldb/AgrawalCN00,671701
conf/vldb/ChienTZ01,672373
conf/vldb/KahveciS01,672028
conf/sigmod/Han96,280351
journals/sigmod/RamanathanH97,248615
conf/sigmod/2000,304245
journals/sigmod/Ioannidis96,245890
journals/sigmod/LeeC00,362140
conf/vldb/Guting94,672980
journals/sigmod/GrayG97,271094
conf/vldb/LahiriSCMC01,672377
journals/sigmod/KramerNKRLKLZ97,248607
journals/tods/LechtenborgerV03,777946
journals/vldb/HuntAI02,641274
conf/vldb/JagadishNSSK97,671013
journals/sigmod/Mani03,959066
journals/sigmod/TanK03,959072
journals/sigmod/Hammer03,604283
conf/sigmod/BrinkhoffKSS94,191880
journals/vldb/NguSHL01,765504
journals/sigmod/FreemanG96,381893
journals/vldb/Li03,950491
conf/sigmod/HanFHCC94,191979
journals/tods/KonopnickiS98,277639
conf/sigmod/WaasG00,335451
conf/sigmod/WilschutFA95,223803
conf/sigmod/RiedelFGN00,335375
journals/sigmod/DomenigD99,333615
conf/vldb/ChakrabartiM00,671852
journals/sigmod/Cingil02,507342
journals/sigmod/Anonymous96,381900
conf/vldb/CareyKRLABFLOPQRSSUVWY01,672199
journals/sigmod/BoulosO99,333610
journals/tods/Revesz98,288088
conf/sigmod/CranorJSS03,872838
journals/vldb/Han98,765520
conf/sigmod/UrhanFA98,276317
conf/vldb/JohnsonM98,671327
conf/vldb/MeccaCM01,672370
journals/sigmod/Camps02,565125
conf/sigmod/BabuGR01,375693
conf/sigmod/HuangSW94,191845
conf/sigmod/WattezCBFF00,335452
conf/sigmod/GillmannWW02,564718
conf/vldb/Duranti01,672214
conf/sigmod/Epstein95,277955
conf/vldb/Madnick95,673306
conf/sigmod/ChandrasekaranCDFHHKMRS03,872857
conf/vldb/PedersenJD00,671842
journals/sigmod/FlorescuLM98,290605
conf/vldb/DiligentiCLGG00,671854
conf/sigmod/ChakrabartiM99,304185
conf/sigmod/ThomasDM95,223892
journals/sigmod/Vianu03,776999
conf/sigmod/BreunigKNS00,335388
conf/sigmod/OlstonW02,564701
conf/sigmod/DewanSHH94,191893
journals/sigmod/Qian95b,219772
conf/sigmod/FukudaMMT96a,280359
journals/vldb/MedjahedBBNE03,775457
journals/vldb/AgrawalAJL95,615215
conf/sigmod/2002,304229
conf/sigmod/LarsonG03,872848
conf/sigmod/StoltePAG03,872800
conf/sigmod/CeriFP98,276390
journals/sigmod/TomasicS97,248606
conf/sigmod/Shyy95,223866
conf/vldb/AksoyZF01,672046
journals/sigmod/Seshadri98,273251
conf/vldb/MogiK95,673307
conf/vldb/WienerN95,673168
journals/sigmod/NejdlSS03,945731
journals/vldb/FuCCM00,765232
conf/sigmod/ReveszCKLLW00,336590
conf/sigmod/KrishnanVI96,233341
journals/sigmod/Kumar03,959064
conf/vldb/ChaudhuriS96,673461
conf/sigmod/IoannidisLANT97,253415
journals/sigmod/JacobS99,344857
conf/sigmod/GriffinL95,223849
journals/sigmod/Wedekind94,190628
journals/sigmod/BernsteinHP00,369289
journals/vldb/ChuaCL03,950492
conf/sigmod/McIverK94,191924
journals/sigmod/CherniakV03,604262
conf/vldb/FaloutsosG96,673487
conf/vldb/Dasgupta96,756664
conf/vldb/CotterB00,672015
journals/sigmod/WestmannKHM00,362137
conf/vldb/KriegelPS00,671844
conf/sigmod/DanielsDDEHJJLSSS94,191930
journals/vldb/WhiteD95,191919
conf/sigmod/LiefkeS00,335405
conf/vldb/SellisRF97,673658
conf/sigmod/BrunoC02,564722
conf/vldb/ChawatheCY94,672822
conf/vldb/VriesDBA99,671530
journals/sigmod/CasatiDS00,369276
journals/vldb/MylopoulosCPST96,765853
journals/sigmod/LeeF01,604270
conf/vldb/MengLYWCR98,671185
conf/sigmod/BryanMCLG94,191955
conf/sigmod/SalemBCL00,335393
journals/tods/BaralisCP96,227605
conf/vldb/FerrandinaMZFM95,673314
conf/vldb/WiesnerK01,672204
conf/vldb/McHughW99,671349
conf/sigmod/Deutsch95,223880
journals/vldb/BohmAnY97,765564
conf/sigmod/AltinelABFSZ99,304571
conf/sigmod/WuAA01,375724
conf/vldb/CarinoOBS99,671525
conf/sigmod/LeeKC99,304200
conf/sigmod/BohlenBD99,304585
journals/sigmod/Hampapur99,309883
journals/sigmod/CarmelMS01,373705
journals/vldb/KrivokapicKG99,765510
conf/vldb/DingGS00,672013
conf/sigmod/NaumanS98,276369
conf/sigmod/LiYVGPUV98,276382
conf/sigmod/CherniackZ96,233356
journals/sigmod/EisenbergM02,565141
conf/sigmod/BlakeleyD00,335480
conf/vldb/AbrolLMMMRTWZ01,672355
conf/vldb/RamamrithamABEGP00,672007
conf/vldb/FerrandinaMZ94,672991
journals/vldb/AbadiCCCCLSTZ03,950485
journals/sigmod/MeltonMJKS02,601877
journals/sigmod/Jagadish00,390004
conf/sigmod/Carey94,191929
conf/sigmod/RamanH02,564723
journals/tods/AndriesCPB01,383735
conf/sigmod/BrodskyK95,223788
journals/tods/BertinoBFS98,293151
conf/sigmod/BohmBKK01,375714
conf/sigmod/BergstraesserBPS99,304248
journals/sigmod/AdelbergKG96,381882
conf/sigmod/BratsbergT00,335477
conf/sigmod/RoussopoulosKS99,304584
conf/sigmod/YanMHF01,375729
conf/sigmod/PangCL94,191882
journals/vldb/CasatiSG01,767133
conf/sigmod/AggarwalPWYP99,304188
conf/sigmod/KanthRA02,564755
journals/sigmod/CeriFP99,310064
journals/tods/WinslettSQ94,195675
conf/sigmod/PopaDST00,335421
journals/sigmod/Alonso94a,507365
conf/vldb/X00a,758376
journals/tods/MuralidharS99,331986
conf/sigmod/BohrerBBCFHKKMNRRSUUW97a,253401
conf/sigmod/BaulierBGGHJKKMMNNRSSSWW99,304239
journals/vldb/ClaussenKKW00,765236
conf/vldb/KumarKA97,671009
journals/tods/HjaltasonS99,320255
conf/sigmod/Cattell94,191937
journals/sigmod/Winslett01a,565127
journals/sigmod/LightstoneLZ02,601873
conf/sigmod/ZhouWGGZWXYF03,872860
conf/sigmod/RoussopoulosKV95,223794
conf/vldb/StillgerLMK01,672349
journals/sigmod/BaaderJN97,274461
journals/vldb/TenienteO95,615220
conf/sigmod/DuSD95,223846
conf/sigmod/GrossmanHQ95,223901
conf/vldb/JagadishKMPSS98,671191
conf/vldb/BohlenSS96,673474
conf/sigmod/OzdenRSS96,233322
journals/vldb/HjaltasonS02,767129
journals/sigmod/Widom96,507363
journals/sigmod/DongS00,344808
conf/vldb/TanGO99,671519
conf/vldb/ZhouLZLZJT01,672206
journals/sigmod/ChienTZ01,603875
conf/sigmod/FranklinZ98,276360
conf/sigmod/LakhamrajuRSS00,335381
conf/sigmod/AggarwalWY99,304218
conf/sigmod/JagadishJOT01,375687
journals/sigmod/AtzeniMM97,271080
conf/vldb/YanG95,673153
journals/vldb/PottingerH01,767146
conf/vldb/ChakravarthyKAK94,672994
conf/sigmod/Chong98,276370
journals/sigmod/JukicV97,262767
journals/vldb/BernsteinPS00,671498
journals/vldb/NgC98,765535
journals/vldb/Guting94,615206
conf/sigmod/WitkowskiBBDFGSS03,872767
journals/tods/Lerner00,352983
conf/sigmod/AntonJLPZZ02,564762
conf/vldb/AmmannJR95,673164
conf/sigmod/HanWDPW02,564781
journals/vldb/LaurentLSV01,767152
conf/vldb/ShahabiFKF00,671682
conf/sigmod/Kennamer98,276373
conf/sigmod/Team95,223857
conf/vldb/Spaccapietra94,672993
conf/sigmod/AgrawalGGR98,276314
conf/vldb/Ganguly98,671329
conf/sigmod/ZhuSZ03,872866
journals/sigmod/GlavitschSW94,190645
conf/sigmod/LuoEHN02,564721
journals/sigmod/SellisV95,219766
journals/vldb/ShyyASL96,765804
conf/sigmod/KalnisNOPT02,564695
conf/vldb/GoldsteinR00,671849
conf/vldb/WangZ00,671687
conf/sigmod/PeiMHZ00,336572
conf/sigmod/KornM00,335415
journals/tods/EiterGM97,261126
journals/vldb/LawLG99,765513
conf/vldb/SahuguetA99,671350
conf/vldb/RossS97,670993
conf/sigmod/MiloAABN03,872793
conf/sigmod/RossSS96,233361
journals/sigmod/EisenbergM99,310075
conf/sigmod/ChristophidesACS94,191901
conf/vldb/BohmMSW01,672198
conf/sigmod/AgrawalCD02,564782
conf/sigmod/CallanCD99,304224
journals/vldb/AguileraCMVV02,641273
conf/sigmod/OoiTZGLLLNSWZ03,872845
conf/vldb/Cuppens96,673637
conf/vldb/KonigW99,671668
conf/sigmod/HacigumusILM02,564717
journals/vldb/YangW03,950494
conf/sigmod/DohertyHR96,233344
conf/sigmod/Ballinger94,191944
journals/vldb/KieslingSSD94,615196
conf/sigmod/PhanN02,564783
conf/vldb/Spintzik95,673162
journals/sigmod/TsotrasJS98,273258
conf/vldb/CeriCW00,671876
conf/vldb/AgrawalPWZ95,673157
conf/sigmod/PoosalaIHS96,233342
journals/sigmod/ONeilG95,212001
conf/vldb/ZirintsisKM99,758374
journals/sigmod/BonifatiC00,344822
conf/vldb/LevyRO96,673469
journals/sigmod/ChongFTSYKDJJ03,777000
conf/sigmod/Team95c,223858
conf/vldb/JosifovskiR99,671673
conf/vldb/LuOT94,672832
journals/sigmod/Wiegand02,565122
conf/sigmod/HaasH99,304208
conf/sigmod/PatelYKTNBHRLEKGDN97,253342
conf/sigmod/Mohan94,191990
conf/vldb/Mohan01,672360
journals/sigmod/Rosenthal98,273270
conf/sigmod/KrishnamurthyBN99,304235
journals/sigmod/Kim94,181552
conf/vldb/Jamil97,673648
conf/sigmod/WangTYGWP02,564774
journals/sigmod/AbererCH02,637419
journals/vldb/LeeW94,615200
conf/vldb/BelloDDFNSWZ98,671335
conf/vldb/AmielBDS94,672982
journals/sigmod/CaplinskasEV02,507367
conf/vldb/Moerkotte98,671173
journals/vldb/WhangKW94,615187
conf/sigmod/MatiasVW98,276344
conf/sigmod/BarclaySG00,335424
conf/vldb/IshikawaSF98,671331
conf/sigmod/Jhingran00,335469
conf/vldb/UrhanF01,672188
journals/tods/DeySB99,331984
journals/sigmod/Cetintemel01,604284
conf/vldb/Brodie00,671680
journals/sigmod/Grefen02,507356
conf/sigmod/PaparizosACJLNPSWWY03,872862
conf/vldb/NgH94,672827
journals/sigmod/BarclayBGS94,190647
conf/vldb/MillinerBP95,673144
conf/vldb/ZimbraoS98,671196
conf/sigmod/YuMWL01,375684
conf/sigmod/AcharyaFZ97,253293
journals/sigmod/SlivinskasJS02,565119
conf/vldb/Gupta96,673324
conf/vldb/TamuraK99,671495
conf/sigmod/FreedmanD95,223851
conf/vldb/KamelF94,673001
conf/vldb/HaasKU99,671671
conf/sigmod/SelfridgeSW96,233315
conf/sigmod/WangJLY03,872777
conf/sigmod/Keim96,280349
journals/sigmod/ElmagarmidJF95,219735
journals/sigmod/ArenasKKKMM03,945733
conf/sigmod/BohannonMR01,375681
conf/sigmod/DreyerDS95,223902
conf/sigmod/LiBCS00,336583
journals/vldb/EvangelidisS97,765544
conf/sigmod/LakshmananNHP99,304196
journals/sigmod/Halevy03,945724
conf/sigmod/KornMZ03,872868
conf/sigmod/WangSCRZP97,253406
journals/vldb/HansonCDERTX98,765521
conf/sigmod/KeoghCMP01,568520
conf/sigmod/LivnyRBCDLMW97a,253335
journals/sigmod/SayginVC01,604271
journals/sigmod/Ritter98,306141
conf/sigmod/ChenRW02,564771
conf/sigmod/Olson95,223873
journals/vldb/SakuraiYUK02,767128
conf/sigmod/McAuliffeCS96,233355
conf/sigmod/DasGR03,872765
conf/vldb/WeberSB98,671192
conf/sigmod/BeyerR99,304214
conf/sigmod/ChenGK01,375692
journals/sigmod/CalvaneseGLV03,959076
conf/vldb/NatsevCSLV01,672365
conf/sigmod/JagadishLS99,304186
conf/sigmod/Bussler01,375810
conf/sigmod/DanS95,223853
journals/sigmod/Aberer02c,776994
journals/tods/GutingBEJLSV00,352963
conf/sigmod/HanKS97,253404
conf/vldb/RosenthalS94,672973
journals/sigmod/Segev94,507361
conf/vldb/SakuraiYKU01,672024
journals/tods/YanG94,176573
conf/sigmod/Maguire01,375742
conf/sigmod/BabcockO03,872764
conf/sigmod/GuptaMR95,223817
journals/sigmod/NascimentoSP03,945722
conf/sigmod/RundensteinerCCSO00,335496
conf/sigmod/SionAP03,872772
conf/sigmod/AdelbergD99,304576
conf/vldb/BargaP95,673298
conf/sigmod/ChenCPPSTM00,335466
conf/sigmod/FernandezMS01,375674
conf/vldb/OzsuLON01,672177
journals/tods/ChoG03,958945
journals/sigmod/ChenHKPW94,190646
conf/vldb/SevcikK96,673466
conf/vldb/MatiasVW00,672011
conf/sigmod/WangPFY03,872774
journals/vldb/DanYC95,615216
journals/sigmod/MillerHHYHFP01,373713
conf/vldb/GravanoG97,670994
conf/sigmod/ChawatheG97,253266
conf/vldb/FlorescuLS98,671168
journals/sigmod/LudwigG00,362094
conf/vldb/SrinivasanDFCJYKTDB00,672004
conf/vldb/SteenhagenABB94,672819
conf/sigmod/ChristophidesCS00,335395
journals/sigmod/RashidS00,369281
journals/sigmod/McClatcheyV97,271087
journals/tods/KorthS94,185854
conf/sigmod/JonssonFS98,276316
conf/vldb/ChaudhuriG99,671359
journals/sigmod/BusslerFM02,637415
journals/vldb/C95b,615225
conf/sigmod/BerchtoldBK98,276318
conf/sigmod/GillmannWSWW00,336577
conf/vldb/AgarwalADGNRS96,673497
conf/sigmod/BohannonDGKLNS03,872863
conf/vldb/StohrR01,672208
conf/sigmod/AgrawalCFGHIIMMSS94,191972
conf/vldb/ChaHKK01,672375
conf/sigmod/HernandezMHYHT01,375767
conf/sigmod/HillyerS96,233332
journals/sigmod/MedskerCS95,202673
conf/vldb/PereiraFLS00,671690
journals/sigmod/GottlobKP03,640992
conf/sigmod/GatziuGD95,223893
conf/vldb/BassiliadesV95,673137
journals/vldb/LiCHH01,765506
journals/vldb/BunemanFS00,765224
conf/vldb/StohrMR00,671843
conf/vldb/LockemannKKKN97,673665
conf/vldb/NetzCBF00,671836
conf/vldb/Greco98,671344
conf/vldb/GrumbachRS00,672005
conf/sigmod/NgWY01,375666
conf/vldb/LabioYCGW00,671684
journals/sigmod/Gunther97,248604
journals/sigmod/PuSW01,373680
journals/sigmod/WenLMZ03,640994
journals/sigmod/McHughW97,271082
conf/vldb/ScheuermannSV96,758367
journals/vldb/DattaDVRN01,767140
journals/vldb/BonifatiCP01,767136
journals/sigmod/Gallagher94,181568
conf/sigmod/Tajima96,233349
journals/sigmod/WuY00,362096
journals/tods/CaldersNW02,581752
conf/sigmod/ShuklaD00,335482
conf/sigmod/Jagadish94,191991
conf/sigmod/WoelkBJOTU95,223867
journals/vldb/HalkidiNVV03,953242
journals/sigmod/Lomet98,290598
conf/vldb/GuptaHQ95,673150
conf/vldb/GravanoG95,673294
journals/sigmod/Hoffner03,776995
conf/sigmod/ArasuBBDIRW03,872854
conf/vldb/Baru96,758366
conf/vldb/YanL95,673154
journals/tods/WandSW99,331989
conf/vldb/ChaudhuriGS95,673312
conf/vldb/DattaRT99,671352
conf/vldb/RothOH99,671494
conf/vldb/BernsteinPS99,765235
journals/sigmod/Rosneblatt94,190649
conf/vldb/ChoenniV00,672008
journals/sigmod/YauLMS99,333612
journals/vldb/RafieiM02,767094
journals/tods/BeneventanoBS03,762472
journals/vldb/JagadishKNS00,671501
conf/vldb/MarronL01,672372
conf/sigmod/DasuJMS02,564719
journals/sigmod/KuoM96,381873
conf/vldb/AbiteboulMRVW98,671172
conf/sigmod/RadekeBBEKKN95,223894
journals/sigmod/Alonso94,507359
conf/vldb/ManegoldBK00,672010
conf/sigmod/WolfsonSXZC99,304572
journals/tods/AmmannJR97,249981
journals/sigmod/Chaudhri98,273247
conf/vldb/RamasamyPNK00,672009
conf/sigmod/VanceM96,233317
conf/sigmod/AcharyaGPR99,304581
conf/sigmod/GoldmanW00,335422
conf/vldb/MargaritisFT01,758382
conf/sigmod/MogiK96,233331
journals/sigmod/CabreraLM01,604269
journals/sigmod/WangD03,959079
conf/vldb/AgrawalLSS95,673155
conf/vldb/FaloutsosMS96,673328
conf/vldb/OoiYTJ01,672178
journals/vldb/BarbaraI95,191844
conf/sigmod/BerchtoldK97,253407
conf/sigmod/GoelI96,233318
conf/vldb/SchaeferBBJ00,671845
conf/sigmod/GuhaJKSY02,564725
conf/sigmod/PolyzotisG02,564733
journals/sigmod/Winslett03a,637427
journals/tods/EiterLLS01,502031
conf/sigmod/BarbaraI94,615236
conf/sigmod/Ellison95,277954
journals/vldb/MecellaP01,767134
journals/vldb/Sciore94,615189
conf/sigmod/LangS01,375716
conf/vldb/Mohan99,671526
conf/sigmod/CarinoKKB01,375733
conf/sigmod/NgLHP98,276307
conf/vldb/RezendeH98,671194
conf/sigmod/Kulkarni94,191935
journals/sigmod/Weikum02,601867
conf/vldb/HasanM94,672835
conf/sigmod/ImielinskiV95,223885
conf/vldb/YagoubFIV00,672020
conf/vldb/GuptaM96,673482
journals/vldb/LiangOY00,764223
journals/tods/LiuM96,232622
journals/sigmod/X94a,507352
conf/sigmod/EmbleyJN99,304223
journals/sigmod/WolfsonSDNR95,219737
conf/sigmod/FreireHRRS02,564713
conf/vldb/JensenL01,672027
journals/vldb/GutingS95,615221
conf/vldb/FuC94,672824
journals/sigmod/Ouksel03,945735
journals/vldb/RamakrishnanSSS94,615195
journals/sigmod/ChangASS98,273264
conf/sigmod/KementsietsidisAM03,872798
conf/sigmod/Gibson95,223884
journals/sigmod/RosenthalS99,333611
journals/sigmod/Kim02,507346
journals/sigmod/LinP96,381878
conf/vldb/ColletCS94,673003
conf/sigmod/Sahuguet01,375757
conf/vldb/OzdenGHNSDGGW01,672352
conf/sigmod/GorelikWD94,191932
conf/vldb/BamfordAP99,671509
journals/sigmod/MeltzerC98,306105
journals/sigmod/PourabbasR00,344799
conf/sigmod/CookWZ94,191913
conf/vldb/KietzRS97,671001
conf/sigmod/BreunigKKS01,375672
journals/sigmod/DadamK97,271096
conf/sigmod/PengC03,872810
journals/tods/Chen95a,211416
conf/sigmod/AdaliCPS96,233327
conf/vldb/MehtaD95,673299
conf/sigmod/WynblattN01,375737
journals/sigmod/ShethM02,637430
conf/vldb/GoodmanRS94,672833
conf/vldb/SeegerBBKSDS01,672371
conf/vldb/LinR98,671033
conf/vldb/FuhDCMTLDRM99,671520
conf/sigmod/Grust02,564705
conf/vldb/KilgerM94,672981
conf/sigmod/ONeilQ97,253268
journals/sigmod/Colliat96,234901
conf/vldb/SetzerZ94,672838
conf/vldb/LabrinidisR01,672362
conf/sigmod/DarR94,191928
conf/sigmod/Gal00,335479
conf/vldb/ShanmugasundaramSBCLPR00,767144
conf/sigmod/JaedickeM98,276338
journals/sigmod/OConnellW03,640991
journals/sigmod/Stacey95,219774
conf/vldb/BerckenS96,673480
conf/vldb/AshwinRSSS97,673645
conf/vldb/BlottKS98,671333
journals/tods/PetersO97,244813
conf/sigmod/VossenW99,304586
conf/vldb/CarinoO98,671031
journals/vldb/ChienTZ02,764204
conf/vldb/AbiteboulACEMM99,671664
conf/sigmod/ZhangDWEMPMDR03,872861
conf/vldb/SimonD95,673319
journals/sigmod/Liu03b,565140
journals/sigmod/KappelR98,290601
conf/vldb/FukudaMMT96,673495
journals/sigmod/GamacheS95,212016
journals/vldb/ShethTP03,775454
conf/sigmod/ChenZCKR01,375789
journals/vldb/Sarawagi01,767148
journals/sigmod/BonnetBDL03,959067
conf/vldb/RiedelGF98,671345
conf/vldb/ChoG00,671679
conf/vldb/TheodoratosS97,673656
journals/sigmod/Libkin99a,565142
conf/vldb/MaratheS97,671002
conf/vldb/Padmanabhan96,673329
conf/sigmod/LabioZWGGW97,253405
conf/sigmod/ChenR94,191874
journals/vldb/GeorgeH00,764215
journals/vldb/Cobb97,765555
conf/sigmod/JosifovskiSHL02,564751
journals/vldb/CatarciSC97,765550
journals/sigmod/Palpanas00,362142
conf/vldb/GingrasL98,671161
conf/sigmod/WhiteD95,223814
conf/vldb/BernsteinHSSZ97,670999
journals/sigmod/Chaudhri95,202668
conf/vldb/Kiessling02,505055
journals/sigmod/BerzalM02,565130
conf/sigmod/GangulyGMS96,233340
conf/sigmod/PapadiasTSE95,223798
journals/sigmod/JaegerF95,202669
conf/vldb/BouganimCDDGS99,671518
conf/sigmod/GardarinMP95,223791
journals/sigmod/CatarciC96,245888
conf/sigmod/BerensonBGMOO95,223785
journals/sigmod/LabrinidisR00,344794
conf/sigmod/DoppelhammerHKK97,253280
journals/sigmod/Bestavros96,381860
journals/vldb/KabraD99,765518
conf/vldb/Chawathe99,671669
journals/sigmod/EisenbergM98,290604
conf/vldb/JagadishLRSS94,673000
conf/vldb/GehaniJR94,672971
journals/sigmod/Libkin99,344850
conf/vldb/LeeL96,673331
conf/vldb/PacittMS99,671521
conf/vldb/Gawlick96,673334
conf/vldb/KnorrN98,671334
conf/sigmod/RaoZML02,564757
conf/vldb/YiF00,671689
journals/sigmod/KokkotosIPS95,212014
conf/vldb/BaralisW94,673002
conf/vldb/ChirkovaHS01,672216
journals/sigmod/ForteHWDCVHFS99,309870
conf/sigmod/KornackerMH97,253272
conf/vldb/GravanoIJKMS01,672200
conf/vldb/IoannidisP99,671527
conf/vldb/AtzeniMM97,671014
conf/vldb/BridgeJKLLM97,671011
conf/vldb/StanoiRAA01,672207
journals/sigmod/Liu01,603883
journals/vldb/IshakbeyogluO98,765525
conf/vldb/LometT95,673170
conf/sigmod/LuoKMPWLN02,564763
conf/vldb/Tygar98,671343
journals/tods/WolfsonJH97,249982
conf/sigmod/MotakisZ97,253359
conf/vldb/HellersteinNP95,673145
journals/sigmod/Widom95a,565133
conf/sigmod/LahiriG01,375751
conf/sigmod/GebhardtJJ97,253344
conf/sigmod/ChenGMV02,564710
conf/vldb/MillerHH00,671677
conf/sigmod/Pirahesh94,191941
journals/sigmod/SommerGB02,507343
conf/sigmod/Cohen98,276323
conf/sigmod/GibbonsM98,276334
conf/sigmod/FranklinJK96,233328
journals/sigmod/KoubarakisTID03,945736
conf/sigmod/AboulnagaC99,304198
journals/sigmod/McHughAGQW97,262770
conf/vldb/Adler01,758383
conf/vldb/KoudasIM00,671699
conf/sigmod/ZhuS03,872780
conf/sigmod/FukudaMMT96,233313
conf/vldb/OuzzaniAB94,672989
conf/sigmod/Fegaras98,276310
conf/vldb/BerckenS01,672197
conf/vldb/Huyn01,672037
conf/sigmod/AgrawalS00,335438
conf/sigmod/ChengKP03,872823
journals/sigmod/ChengP03,959068
conf/sigmod/BersonGM95,223852
journals/sigmod/Date03,959061
journals/sigmod/PoessF00,369291
journals/sigmod/KannanKIK03,959071
journals/sigmod/Aberer03c,945727
conf/sigmod/ShanmugasundaramNSR99,304190
conf/vldb/SrikantA95,673304
journals/sigmod/DunhamH95a,219727
journals/sigmod/FifeG03,776991
conf/sigmod/YangM97,253361
journals/sigmod/GottlobKP03a,776988
conf/sigmod/ZhangZPTL03,872812
conf/vldb/YagoubFIV00a,758379
conf/sigmod/BrunoCG01,375686
journals/sigmod/PapazoglouH99,309886
journals/vldb/ChirkovaHS02,641272
conf/vldb/ReuterCGSW95,673318
journals/sigmod/Seligman97,601872
conf/sigmod/AggarwalY00,335383
journals/sigmod/Winslett02b,601871
conf/sigmod/LuMSS95,223850
conf/vldb/GallersdorferN95,673130
conf/vldb/Mattos96,673467
conf/vldb/Ladin00,671856
journals/sigmod/AilamakiFFSV03,959069
journals/tods/BrunoCG02,568519
journals/tods/BozkayaO99,328959
conf/sigmod/GunopulosKTD00,335448
conf/vldb/Deshpande00,671866
conf/sigmod/KeimK95,223895
conf/vldb/SheikholeslamiCZ98,671342
conf/sigmod/Smith01,375814
conf/sigmod/JagadishKS00,335434
conf/sigmod/Rajaraman99,304246
conf/sigmod/MaddenFHH03,872817
conf/sigmod/BabcockCD03,872822
conf/sigmod/CherniackZ98,276311
conf/vldb/RamanH01,672045
conf/vldb/Brin95,673006
journals/sigmod/Qian94,187462
conf/sigmod/ButtlerLPP01,375762
conf/sigmod/Team02,564761
conf/vldb/KemmeA00,671855
journals/sigmod/ConradHHKRSS99,333608
conf/vldb/BeneventanoBCCGMMV00,672014
journals/sigmod/GerlhofKM96,234893
journals/sigmod/RisheSBDOALOSS95,212019
conf/vldb/LlirbatST97,670991
conf/sigmod/ZhaoDN97,253288
journals/sigmod/DoanPSB97,248617
conf/sigmod/SarawagiTA98,276335
journals/sigmod/KaradimitriouT97,248613
journals/sigmod/Sidell96,245906
conf/vldb/CareyCNVDRSM99,671522
conf/sigmod/AchyutuniON96,233326
conf/vldb/FegarasE01,672209
journals/vldb/SuHHHLWLPLL01,767138
journals/tods/LiuDL02,507237
conf/sigmod/DavulcuFKR99,304225
journals/sigmod/SmithO99,309878
journals/vldb/BerendtS00,765223
journals/tods/MokNE96,227612
conf/vldb/ChakrabartiGRS00,671851
conf/vldb/MaedaT01,672378
conf/vldb/SteinbrunnPMK95,673167
conf/vldb/ViverosNR96,673464
journals/sigmod/Abiteboul99,344853
journals/sigmod/KuokFW98,273257
journals/sigmod/AndlerHEMBE96,381881
conf/sigmod/NazeriBO01,375743
conf/sigmod/OlstonJW03,872825
conf/sigmod/BettiniWBJ95,223843
conf/sigmod/SunAA03,872813
journals/vldb/ScheuermannWZ98,765523
journals/vldb/Antoshenkov97,765545
journals/sigmod/Date96,245885
conf/sigmod/KotidisR98,276327
conf/sigmod/BenediktCFFR03,872792
journals/sigmod/LudascherMM01,603876
journals/tods/RosenthalR94,176568
journals/sigmod/Lee95,212008
conf/vldb/RamakrishnanGRSWZ95,756661
conf/vldb/MiloZ98,671326
conf/vldb/OzsuVU98,671024
conf/sigmod/PadmanabhanBMCH03,872835
conf/vldb/Ramaswamy00,672012
conf/sigmod/JajodiaSSB97,253364
conf/vldb/KoudasMJ99,758373
conf/vldb/ChatziantoniouR96,673628
conf/vldb/BalminPP00,672016
journals/sigmod/VelACM01,604272
conf/sigmod/YerneniLGU99,304221
conf/sigmod/AdelbergGW97,253287
conf/vldb/NishioSTTL01,672350
conf/sigmod/TomasicGS94,191896
conf/sigmod/MoleskyR95,223786
conf/sigmod/BohmA96,280353
conf/sigmod/GarofalakisI96,233352
conf/vldb/Dayal99,671502
conf/vldb/JohnsonS94,672996
conf/sigmod/HinneburgKW02,564784
conf/vldb/SatheS01,672366
journals/tods/Meo00,363956
conf/sigmod/AdaliBSS98,276340
conf/vldb/JarkeKL00,671688
journals/sigmod/Etzion99,344820
journals/sigmod/Qian96a,234903
conf/vldb/MendelzonV00,672006
journals/tods/Wijsen99,310715
journals/sigmod/Richey95,212024
conf/sigmod/MistryRSR01,375703
conf/sigmod/ShivakumarG97,253349
conf/sigmod/PapadopoulosM98,276325
journals/sigmod/Winslett03,640998
conf/sigmod/AcharyaPR99,304184
conf/vldb/HelmerWM98,671197
conf/vldb/DuttaDMRT00,672018
conf/sigmod/RothAHCCFSTW96,280363
conf/vldb/DidriksenGD95,673313
conf/vldb/ChavdaW97,671021
journals/sigmod/HansonN99,344839
conf/vldb/FaloutsosJS97,673641
conf/vldb/MorimotoIM97,673651
conf/sigmod/Jamil99,304192
conf/vldb/ChakrabartiDAR97,673659
conf/vldb/FankhauserGLMT98,758371
journals/vldb/PapazogluK97a,765560
conf/sigmod/Squire95,223869
conf/sigmod/GodfreySE98,276339
conf/sigmod/IoannidisP95,223841
conf/sigmod/ChenJDTW00,335432
conf/vldb/BrownCC94,672985
conf/vldb/SreenathS94,672995
journals/sigmod/RamirezSP94,187458
conf/sigmod/JarkeQCLFLVV00,336570
journals/sigmod/Group94,187439
conf/vldb/PoosalaI97,673638
journals/sigmod/RoddickABDEGHLMMMW00,344789
journals/sigmod/HuangKL02,601863
journals/sigmod/OoiST03,945734
conf/vldb/VeltriCV01,672192
journals/vldb/PapazogluK97,765549
conf/vldb/VassalosP97,673662
journals/sigmod/BernsteinBCDFGGHHJLMNPSU98,306137
conf/vldb/RastogiS98,671183
journals/vldb/KellerB96,765753
journals/sigmod/BertinoEH03,640995
conf/vldb/GarciaLL98,671188
conf/vldb/BernsteinD94,672992
conf/sigmod/BhargavaGI95,223847
journals/tods/Subrahmanian94,176571
conf/vldb/ShivakumarGC98,671179
conf/vldb/JagadishMN99,671667
journals/vldb/PucheralBVB01,767143
conf/vldb/MartinC94,673004
conf/vldb/VorugantiOU99,671363
journals/sigmod/RamamrithamSSTX96,381868
conf/sigmod/AgrawalASY97,253355
journals/tods/LakshmananLN03,958944
journals/sigmod/FininJ02,637416
conf/sigmod/HammerGNYBV97,253395
conf/vldb/BaumannFRW97,673652
journals/sigmod/Snodgrass03b,945723
conf/sigmod/BrunoKS02,564727
conf/sigmod/LehnerSPC00,335454
conf/vldb/LevySSZ94,672972
journals/sigmod/BunemanRU97,248611
conf/vldb/AbiteboulAAACHHMMMMSTV99,671497
journals/sigmod/CuiJO02,507347
journals/vldb/SwamiS95,615239
conf/sigmod/KuhnTS94,191963
journals/vldb/KamelWS94,615188
journals/sigmod/VenkatraoP95,219763
journals/sigmod/KuanL99,310065
conf/vldb/PapakonstantinouAG96,673481
conf/vldb/Slutz98,671199
conf/sigmod/Bayardo98,276313
conf/vldb/MuthOPW98,671026
journals/tods/BaekgaardM95,210198
conf/sigmod/SaltenisJLL00,335427
conf/sigmod/NgLHM99,304575
conf/sigmod/Bampahl95,223870
conf/sigmod/ChangG99,304212
journals/tods/GibbonsMP02,673669
conf/sigmod/SistlaW95,223844
journals/sigmod/MusickC99,344860
journals/sigmod/Suciu01,603874
journals/vldb/HaasCLS97,765559
conf/vldb/Hess96,673327
journals/vldb/BonczK99,765511
journals/vldb/ShanmugasundaramSBCLPR01,671695
conf/sigmod/Kleissner95,223875
conf/sigmod/CandanLLHA01,375736
conf/sigmod/LarsonG98,276346
conf/sigmod/DavisonG95,223845
conf/sigmod/KarbhariRXD02,564773
conf/vldb/SeligmanBNSW95,673303
journals/sigmod/HasselbringHHKRRS00,369277
journals/tods/CliffordDIJS97,249980
conf/vldb/YuV00,758377
conf/vldb/KumarRRT99,671512
journals/sigmod/LometBCLN98,290608
journals/sigmod/SilberschatzSU96,381886
conf/vldb/BlokWZPAKJ01,672179
conf/sigmod/Kramer97,253372
conf/sigmod/IvesLPST00,335492
journals/sigmod/Qian95a,212022
journals/sigmod/ReichB98,306115
conf/sigmod/Doherty98,276358
conf/sigmod/GehrkeKS01,375665
conf/sigmod/DeutschFS99,304220
journals/sigmod/PourabbasR02,565121
conf/vldb/ChaudhuriN97,673646
conf/vldb/Klots96,673483
conf/vldb/Campbell99,671353
journals/vldb/DiazJ97,765563
conf/vldb/HaasKWY97,670995
journals/sigmod/Liu03,565128
conf/sigmod/Kim94,191938
conf/sigmod/Levine95,223878
conf/vldb/PitouraC99,671504
conf/sigmod/BaruFGHJPW95,223876
conf/sigmod/Carey00,335476
journals/vldb/FernandezFLS00,765222
conf/sigmod/ShintaniK98,276308
journals/sigmod/NorrieBSW94,181567
journals/tods/Keen97,244811
journals/sigmod/MaximilienS02,637417
journals/sigmod/Snodgrass03a,565118
conf/vldb/WangYM97,758369
journals/vldb/ChanGR03,950484
conf/sigmod/BargaL99,304577
conf/sigmod/Meseck01,375745
journals/sigmod/Fankhauser01,603870
conf/sigmod/CuiOTS03,872815
conf/sigmod/BrinkhoffKSS94a,191988
conf/vldb/ChaudhuriS01,672044
conf/sigmod/BilirisDGJR94,191848
journals/tods/FukudaMMT01,383893
conf/vldb/RusinkiewiczKTWM95,673142
journals/sigmod/CiliaB02,507344
conf/vldb/RamsakMFZEB00,671872
conf/sigmod/Faloutsos95,223879
conf/sigmod/SwamiS94,191877
conf/vldb/SistlaYLL95,673146
conf/sigmod/AdiBEY01,375759
journals/sigmod/VassiliadisS99,344869
journals/tods/ShashaLSV95,211427
conf/vldb/CareyD96,673465
conf/vldb/JohnsonA00,671874
journals/sigmod/NascimentoM99,310062
conf/vldb/ChakrabartiSST00,758378
journals/tods/LakshmananSS01,503102
journals/vldb/PeckhamMD95,615219
conf/sigmod/LabrinidisR00,335430
conf/vldb/XieH94,672963
journals/sigmod/EisenbergM98a,306144
journals/vldb/DeWittNSV96,765751
journals/sigmod/dOnofrioP03,776990
journals/sigmod/Konig-RiesL97,262771
conf/sigmod/GeneserethKD97,253400
journals/sigmod/BurtonM98,273254
journals/sigmod/Widom96a,637434
journals/sigmod/AilamakiH03,945725
journals/vldb/Atkinson00,765234
conf/vldb/SumiyaYTSI95,673141
conf/vldb/HanF95,673134
conf/vldb/AnkerstBKS98,671198
conf/vldb/Suciu96a,673488
journals/sigmod/Hanna95,202664
conf/vldb/LakshmananJN00,671863
journals/vldb/MehrotraKS97,765553
conf/sigmod/YangYW00,336578
journals/sigmod/ShanmugasundaramSKKVNT01,603871
journals/tods/CuiWW00,357777
conf/sigmod/KimC03,872829
conf/sigmod/CohenM03,872787
journals/sigmod/BhargavaAP95,219746
journals/sigmod/ClementiniF00,362101
journals/sigmod/NobleS95,219730
conf/vldb/LiC94,672826
journals/vldb/SinghalS97,765546
conf/sigmod/GingrasLSPS97,253397
journals/sigmod/ShethGJRSWW96,245903
journals/sigmod/RoantreeMH99,310066
conf/sigmod/AbiteboulCM95,223854
conf/vldb/GinisHKMT97,670997
conf/sigmod/ChaudhuriD97,253373
conf/sigmod/TomasicABKNR97,253402
journals/sigmod/GroskySF02,637420
conf/vldb/GantiLR00,672017
journals/sigmod/Stonebraker94,181551
journals/sigmod/Aberer01a,959078
journals/sigmod/SantucciT96,245898
conf/vldb/Gentili01,672184
conf/sigmod/RaoR00,335449
conf/sigmod/OConnellISWABCCLPWW96,233321
conf/sigmod/HellersteinA00,335420
conf/vldb/GuPS00,756647
conf/sigmod/RundensteinerWYD02,564786
journals/sigmod/HummerLW02,507345
conf/vldb/GraefeBC98,671160
journals/sigmod/Hammer00,637429
conf/vldb/GyssensL97,673639
journals/sigmod/Datta94,187442
conf/sigmod/BlottRS96,233348
conf/sigmod/AnnamalaiCD00,335463
conf/vldb/DesslochM97,671012
journals/sigmod/DogacDKOONEHAKKM95,280358
journals/tods/GuoSW96,232692
conf/vldb/ChungCLL01,672347
journals/vldb/SteinbrunnMK97,765556
conf/vldb/WienerN94,672979
journals/sigmod/BarbaraCJW01,604268
conf/vldb/AndreiV01,672357
journals/sigmod/Chen94,187460
journals/tods/KarpSP03,762473
journals/tods/ChakrabartiKMP02,375680
conf/vldb/LiM01,672035
